-- Auto-generated seed data
SET FOREIGN_KEY_CHECKS=0;
INSERT INTO users(user_id,username,password,user_image,full_name,email,country,joined_on,bio) VALUES
(1,'kevin.moore','pass123','https://i.pravatar.cc/150?img=2','Kevin Moore','kevin.moore@minitube.test','Pakistan','2024-12-19','Hi, I''m Kevin. Welcome to my MiniTube profile!'),
(2,'anthony.scott','pass123','https://i.pravatar.cc/150?img=3','Anthony Scott','anthony.scott@minitube.test','France','2021-03-29','Hi, I''m Anthony. Welcome to my MiniTube profile!'),
(3,'james.wilson','pass123','https://i.pravatar.cc/150?img=4','James Wilson','james.wilson@minitube.test','Germany','2023-08-10','Hi, I''m James. Welcome to my MiniTube profile!'),
(4,'david.jones','pass123','https://i.pravatar.cc/150?img=5','David Jones','david.jones@minitube.test','Egypt','2020-06-03','Hi, I''m David. Welcome to my MiniTube profile!'),
(5,'jessica.rivera','pass123','https://i.pravatar.cc/150?img=6','Jessica Rivera','jessica.rivera@minitube.test','Belgium','2023-08-06','Hi, I''m Jessica. Welcome to my MiniTube profile!'),
(6,'deborah.clark','pass123','https://i.pravatar.cc/150?img=7','Deborah Clark','deborah.clark@minitube.test','Sweden','2023-04-11','Hi, I''m Deborah. Welcome to my MiniTube profile!'),
(7,'deborah.wilson','pass123','https://i.pravatar.cc/150?img=8','Deborah Wilson','deborah.wilson@minitube.test','India','2020-02-08','Hi, I''m Deborah. Welcome to my MiniTube profile!'),
(8,'donna.martin','pass123','https://i.pravatar.cc/150?img=9','Donna Martin','donna.martin@minitube.test','Egypt','2024-01-19','Hi, I''m Donna. Welcome to my MiniTube profile!'),
(9,'margaret.robinson','pass123','https://i.pravatar.cc/150?img=10','Margaret Robinson','margaret.robinson@minitube.test','Mexico','2020-12-17','Hi, I''m Margaret. Welcome to my MiniTube profile!'),
(10,'michelle.clark','pass123','https://i.pravatar.cc/150?img=11','Michelle Clark','michelle.clark@minitube.test','Japan','2021-06-06','Hi, I''m Michelle. Welcome to my MiniTube profile!'),
(11,'andrew.thompson','pass123','https://i.pravatar.cc/150?img=12','Andrew Thompson','andrew.thompson@minitube.test','Pakistan','2021-05-08','Hi, I''m Andrew. Welcome to my MiniTube profile!'),
(12,'linda.white','pass123','https://i.pravatar.cc/150?img=13','Linda White','linda.white@minitube.test','Brazil','2021-09-07','Hi, I''m Linda. Welcome to my MiniTube profile!'),
(13,'amanda.ramirez','pass123','https://i.pravatar.cc/150?img=14','Amanda Ramirez','amanda.ramirez@minitube.test','Turkey','2024-03-04','Hi, I''m Amanda. Welcome to my MiniTube profile!'),
(14,'christopher.flores','pass123','https://i.pravatar.cc/150?img=15','Christopher Flores','christopher.flores@minitube.test','Brazil','2023-11-01','Hi, I''m Christopher. Welcome to my MiniTube profile!'),
(15,'jessica.wright','pass123','https://i.pravatar.cc/150?img=16','Jessica Wright','jessica.wright@minitube.test','Ireland','2022-01-19','Hi, I''m Jessica. Welcome to my MiniTube profile!'),
(16,'thomas.walker','pass123','https://i.pravatar.cc/150?img=17','Thomas Walker','thomas.walker@minitube.test','Nigeria','2021-04-27','Hi, I''m Thomas. Welcome to my MiniTube profile!'),
(17,'christopher.lopez','pass123','https://i.pravatar.cc/150?img=18','Christopher Lopez','christopher.lopez@minitube.test','Denmark','2023-04-02','Hi, I''m Christopher. Welcome to my MiniTube profile!'),
(18,'barbara.lopez','pass123','https://i.pravatar.cc/150?img=19','Barbara Lopez','barbara.lopez@minitube.test','Canada','2022-06-18','Hi, I''m Barbara. Welcome to my MiniTube profile!'),
(19,'paul.brown','pass123','https://i.pravatar.cc/150?img=20','Paul Brown','paul.brown@minitube.test','Brazil','2021-06-05','Hi, I''m Paul. Welcome to my MiniTube profile!'),
(20,'kimberly.davis','pass123','https://i.pravatar.cc/150?img=21','Kimberly Davis','kimberly.davis@minitube.test','Pakistan','2023-01-02','Hi, I''m Kimberly. Welcome to my MiniTube profile!'),
(21,'joseph.adams','pass123','https://i.pravatar.cc/150?img=22','Joseph Adams','joseph.adams@minitube.test','Greece','2023-05-31','Hi, I''m Joseph. Welcome to my MiniTube profile!'),
(22,'steven.green','pass123','https://i.pravatar.cc/150?img=23','Steven Green','steven.green@minitube.test','Finland','2023-03-25','Hi, I''m Steven. Welcome to my MiniTube profile!'),
(23,'jennifer.king','pass123','https://i.pravatar.cc/150?img=24','Jennifer King','jennifer.king@minitube.test','South Korea','2022-10-26','Hi, I''m Jennifer. Welcome to my MiniTube profile!'),
(24,'jessica.flores','pass123','https://i.pravatar.cc/150?img=25','Jessica Flores','jessica.flores@minitube.test','Denmark','2023-04-21','Hi, I''m Jessica. Welcome to my MiniTube profile!'),
(25,'barbara.flores','pass123','https://i.pravatar.cc/150?img=26','Barbara Flores','barbara.flores@minitube.test','Mexico','2024-04-05','Hi, I''m Barbara. Welcome to my MiniTube profile!'),
(26,'christopher.brown','pass123','https://i.pravatar.cc/150?img=27','Christopher Brown','christopher.brown@minitube.test','United Kingdom','2021-03-21','Hi, I''m Christopher. Welcome to my MiniTube profile!'),
(27,'sarah.perez','pass123','https://i.pravatar.cc/150?img=28','Sarah Perez','sarah.perez@minitube.test','Germany','2021-02-18','Hi, I''m Sarah. Welcome to my MiniTube profile!'),
(28,'dorothy.hill','pass123','https://i.pravatar.cc/150?img=29','Dorothy Hill','dorothy.hill@minitube.test','Turkiye','2024-06-12','Hi, I''m Dorothy. Welcome to my MiniTube profile!'),
(29,'carol.perez','pass123','https://i.pravatar.cc/150?img=30','Carol Perez','carol.perez@minitube.test','Poland','2020-11-22','Hi, I''m Carol. Welcome to my MiniTube profile!'),
(30,'christopher.robinson','pass123','https://i.pravatar.cc/150?img=31','Christopher Robinson','christopher.robinson@minitube.test','Norway','2024-12-15','Hi, I''m Christopher. Welcome to my MiniTube profile!'),
(31,'michelle.torres','pass123','https://i.pravatar.cc/150?img=32','Michelle Torres','michelle.torres@minitube.test','South Korea','2023-06-18','Hi, I''m Michelle. Welcome to my MiniTube profile!'),
(32,'james.robinson','pass123','https://i.pravatar.cc/150?img=33','James Robinson','james.robinson@minitube.test','India','2021-05-22','Hi, I''m James. Welcome to my MiniTube profile!'),
(33,'michelle.johnson','pass123','https://i.pravatar.cc/150?img=34','Michelle Johnson','michelle.johnson@minitube.test','United Kingdom','2022-07-26','Hi, I''m Michelle. Welcome to my MiniTube profile!'),
(34,'andrew.lee','pass123','https://i.pravatar.cc/150?img=35','Andrew Lee','andrew.lee@minitube.test','Denmark','2022-06-30','Hi, I''m Andrew. Welcome to my MiniTube profile!'),
(35,'anthony.carter','pass123','https://i.pravatar.cc/150?img=36','Anthony Carter','anthony.carter@minitube.test','Ireland','2022-08-19','Hi, I''m Anthony. Welcome to my MiniTube profile!'),
(36,'michelle.smith','pass123','https://i.pravatar.cc/150?img=37','Michelle Smith','michelle.smith@minitube.test','Nigeria','2024-12-12','Hi, I''m Michelle. Welcome to my MiniTube profile!'),
(37,'emily.allen','pass123','https://i.pravatar.cc/150?img=38','Emily Allen','emily.allen@minitube.test','Pakistan','2022-01-24','Hi, I''m Emily. Welcome to my MiniTube profile!'),
(38,'charles.davis','pass123','https://i.pravatar.cc/150?img=39','Charles Davis','charles.davis@minitube.test','Pakistan','2022-07-22','Hi, I''m Charles. Welcome to my MiniTube profile!'),
(39,'george.carter','pass123','https://i.pravatar.cc/150?img=40','George Carter','george.carter@minitube.test','France','2021-01-31','Hi, I''m George. Welcome to my MiniTube profile!'),
(40,'thomas.brown','pass123','https://i.pravatar.cc/150?img=41','Thomas Brown','thomas.brown@minitube.test','Japan','2024-07-16','Hi, I''m Thomas. Welcome to my MiniTube profile!'),
(41,'thomas.walker1','pass123','https://i.pravatar.cc/150?img=42','Thomas Walker','thomas.walker1@minitube.test','New Zealand','2021-03-06','Hi, I''m Thomas. Welcome to my MiniTube profile!'),
(42,'amanda.lewis','pass123','https://i.pravatar.cc/150?img=43','Amanda Lewis','amanda.lewis@minitube.test','Turkiye','2020-06-22','Hi, I''m Amanda. Welcome to my MiniTube profile!'),
(43,'john.sanchez','pass123','https://i.pravatar.cc/150?img=44','John Sanchez','john.sanchez@minitube.test','Finland','2020-08-23','Hi, I''m John. Welcome to my MiniTube profile!'),
(44,'william.johnson','pass123','https://i.pravatar.cc/150?img=45','William Johnson','william.johnson@minitube.test','Belgium','2022-05-24','Hi, I''m William. Welcome to my MiniTube profile!'),
(45,'daniel.campbell','pass123','https://i.pravatar.cc/150?img=46','Daniel Campbell','daniel.campbell@minitube.test','Belgium','2022-02-14','Hi, I''m Daniel. Welcome to my MiniTube profile!'),
(46,'edward.gonzalez','pass123','https://i.pravatar.cc/150?img=47','Edward Gonzalez','edward.gonzalez@minitube.test','Turkiye','2020-07-20','Hi, I''m Edward. Welcome to my MiniTube profile!'),
(47,'donald.clark','pass123','https://i.pravatar.cc/150?img=48','Donald Clark','donald.clark@minitube.test','Greece','2022-02-13','Hi, I''m Donald. Welcome to my MiniTube profile!'),
(48,'george.martin','pass123','https://i.pravatar.cc/150?img=49','George Martin','george.martin@minitube.test','Netherlands','2020-07-02','Hi, I''m George. Welcome to my MiniTube profile!'),
(49,'kevin.lee','pass123','https://i.pravatar.cc/150?img=50','Kevin Lee','kevin.lee@minitube.test','Denmark','2020-02-04','Hi, I''m Kevin. Welcome to my MiniTube profile!'),
(50,'susan.young','pass123','https://i.pravatar.cc/150?img=51','Susan Young','susan.young@minitube.test','Egypt','2022-06-16','Hi, I''m Susan. Welcome to my MiniTube profile!'),
(51,'anthony.martinez','pass123','https://i.pravatar.cc/150?img=52','Anthony Martinez','anthony.martinez@minitube.test','Australia','2024-09-14','Hi, I''m Anthony. Welcome to my MiniTube profile!'),
(52,'elizabeth.thompson','pass123','https://i.pravatar.cc/150?img=53','Elizabeth Thompson','elizabeth.thompson@minitube.test','Norway','2024-09-02','Hi, I''m Elizabeth. Welcome to my MiniTube profile!'),
(53,'deborah.torres','pass123','https://i.pravatar.cc/150?img=54','Deborah Torres','deborah.torres@minitube.test','New Zealand','2022-04-09','Hi, I''m Deborah. Welcome to my MiniTube profile!'),
(54,'mark.thompson','pass123','https://i.pravatar.cc/150?img=55','Mark Thompson','mark.thompson@minitube.test','Netherlands','2022-08-22','Hi, I''m Mark. Welcome to my MiniTube profile!'),
(55,'barbara.hernandez','pass123','https://i.pravatar.cc/150?img=56','Barbara Hernandez','barbara.hernandez@minitube.test','Turkey','2021-07-07','Hi, I''m Barbara. Welcome to my MiniTube profile!'),
(56,'charles.lewis','pass123','https://i.pravatar.cc/150?img=57','Charles Lewis','charles.lewis@minitube.test','United States','2024-11-05','Hi, I''m Charles. Welcome to my MiniTube profile!'),
(57,'amanda.johnson','pass123','https://i.pravatar.cc/150?img=58','Amanda Johnson','amanda.johnson@minitube.test','Sweden','2020-03-29','Hi, I''m Amanda. Welcome to my MiniTube profile!'),
(58,'kenneth.hill','pass123','https://i.pravatar.cc/150?img=59','Kenneth Hill','kenneth.hill@minitube.test','Turkey','2022-02-21','Hi, I''m Kenneth. Welcome to my MiniTube profile!'),
(59,'linda.flores','pass123','https://i.pravatar.cc/150?img=60','Linda Flores','linda.flores@minitube.test','Portugal','2021-09-10','Hi, I''m Linda. Welcome to my MiniTube profile!'),
(60,'elizabeth.nguyen','pass123','https://i.pravatar.cc/150?img=61','Elizabeth Nguyen','elizabeth.nguyen@minitube.test','Sweden','2024-02-24','Hi, I''m Elizabeth. Welcome to my MiniTube profile!'),
(61,'ashley.taylor','pass123','https://i.pravatar.cc/150?img=62','Ashley Taylor','ashley.taylor@minitube.test','India','2023-07-01','Hi, I''m Ashley. Welcome to my MiniTube profile!'),
(62,'john.sanchez1','pass123','https://i.pravatar.cc/150?img=63','John Sanchez','john.sanchez1@minitube.test','Argentina','2022-01-15','Hi, I''m John. Welcome to my MiniTube profile!'),
(63,'daniel.carter','pass123','https://i.pravatar.cc/150?img=64','Daniel Carter','daniel.carter@minitube.test','Nigeria','2020-01-26','Hi, I''m Daniel. Welcome to my MiniTube profile!'),
(64,'margaret.nelson','pass123','https://i.pravatar.cc/150?img=65','Margaret Nelson','margaret.nelson@minitube.test','Ireland','2021-06-26','Hi, I''m Margaret. Welcome to my MiniTube profile!'),
(65,'matthew.baker','pass123','https://i.pravatar.cc/150?img=66','Matthew Baker','matthew.baker@minitube.test','Portugal','2022-09-12','Hi, I''m Matthew. Welcome to my MiniTube profile!'),
(66,'james.baker','pass123','https://i.pravatar.cc/150?img=67','James Baker','james.baker@minitube.test','United States','2024-04-02','Hi, I''m James. Welcome to my MiniTube profile!'),
(67,'kevin.lopez','pass123','https://i.pravatar.cc/150?img=68','Kevin Lopez','kevin.lopez@minitube.test','Japan','2023-03-25','Hi, I''m Kevin. Welcome to my MiniTube profile!'),
(68,'james.hill','pass123','https://i.pravatar.cc/150?img=69','James Hill','james.hill@minitube.test','South Korea','2024-10-10','Hi, I''m James. Welcome to my MiniTube profile!'),
(69,'sarah.mitchell','pass123','https://i.pravatar.cc/150?img=70','Sarah Mitchell','sarah.mitchell@minitube.test','Canada','2024-12-19','Hi, I''m Sarah. Welcome to my MiniTube profile!'),
(70,'joseph.ramirez','pass123','https://i.pravatar.cc/150?img=1','Joseph Ramirez','joseph.ramirez@minitube.test','Brazil','2024-07-24','Hi, I''m Joseph. Welcome to my MiniTube profile!'),
(71,'sarah.martin','pass123','https://i.pravatar.cc/150?img=2','Sarah Martin','sarah.martin@minitube.test','Nigeria','2024-10-11','Hi, I''m Sarah. Welcome to my MiniTube profile!'),
(72,'deborah.allen','pass123','https://i.pravatar.cc/150?img=3','Deborah Allen','deborah.allen@minitube.test','Pakistan','2020-02-27','Hi, I''m Deborah. Welcome to my MiniTube profile!'),
(73,'kevin.sanchez','pass123','https://i.pravatar.cc/150?img=4','Kevin Sanchez','kevin.sanchez@minitube.test','Japan','2021-04-24','Hi, I''m Kevin. Welcome to my MiniTube profile!'),
(74,'joseph.young','pass123','https://i.pravatar.cc/150?img=5','Joseph Young','joseph.young@minitube.test','Spain','2020-12-12','Hi, I''m Joseph. Welcome to my MiniTube profile!'),
(75,'lisa.walker','pass123','https://i.pravatar.cc/150?img=6','Lisa Walker','lisa.walker@minitube.test','United States','2021-12-20','Hi, I''m Lisa. Welcome to my MiniTube profile!'),
(76,'michael.thompson','pass123','https://i.pravatar.cc/150?img=7','Michael Thompson','michael.thompson@minitube.test','Sweden','2022-08-28','Hi, I''m Michael. Welcome to my MiniTube profile!'),
(77,'nancy.clark','pass123','https://i.pravatar.cc/150?img=8','Nancy Clark','nancy.clark@minitube.test','Canada','2020-12-13','Hi, I''m Nancy. Welcome to my MiniTube profile!'),
(78,'sandra.king','pass123','https://i.pravatar.cc/150?img=9','Sandra King','sandra.king@minitube.test','Pakistan','2020-09-04','Hi, I''m Sandra. Welcome to my MiniTube profile!'),
(79,'dorothy.green','pass123','https://i.pravatar.cc/150?img=10','Dorothy Green','dorothy.green@minitube.test','Norway','2020-04-25','Hi, I''m Dorothy. Welcome to my MiniTube profile!'),
(80,'edward.rodriguez','pass123','https://i.pravatar.cc/150?img=11','Edward Rodriguez','edward.rodriguez@minitube.test','India','2024-04-27','Hi, I''m Edward. Welcome to my MiniTube profile!'),
(81,'emily.lewis','pass123','https://i.pravatar.cc/150?img=12','Emily Lewis','emily.lewis@minitube.test','Turkey','2023-11-11','Hi, I''m Emily. Welcome to my MiniTube profile!'),
(82,'ashley.adams','pass123','https://i.pravatar.cc/150?img=13','Ashley Adams','ashley.adams@minitube.test','Nigeria','2021-02-17','Hi, I''m Ashley. Welcome to my MiniTube profile!'),
(83,'deborah.adams','pass123','https://i.pravatar.cc/150?img=14','Deborah Adams','deborah.adams@minitube.test','France','2020-07-07','Hi, I''m Deborah. Welcome to my MiniTube profile!'),
(84,'deborah.campbell','pass123','https://i.pravatar.cc/150?img=15','Deborah Campbell','deborah.campbell@minitube.test','India','2024-09-17','Hi, I''m Deborah. Welcome to my MiniTube profile!'),
(85,'james.lewis','pass123','https://i.pravatar.cc/150?img=16','James Lewis','james.lewis@minitube.test','France','2024-05-14','Hi, I''m James. Welcome to my MiniTube profile!'),
(86,'brian.roberts','pass123','https://i.pravatar.cc/150?img=17','Brian Roberts','brian.roberts@minitube.test','Mexico','2021-10-19','Hi, I''m Brian. Welcome to my MiniTube profile!'),
(87,'joseph.nelson','pass123','https://i.pravatar.cc/150?img=18','Joseph Nelson','joseph.nelson@minitube.test','South Africa','2022-06-17','Hi, I''m Joseph. Welcome to my MiniTube profile!'),
(88,'susan.nelson','pass123','https://i.pravatar.cc/150?img=19','Susan Nelson','susan.nelson@minitube.test','Spain','2023-01-08','Hi, I''m Susan. Welcome to my MiniTube profile!'),
(89,'anthony.white','pass123','https://i.pravatar.cc/150?img=20','Anthony White','anthony.white@minitube.test','Ireland','2020-06-22','Hi, I''m Anthony. Welcome to my MiniTube profile!'),
(90,'linda.lopez','pass123','https://i.pravatar.cc/150?img=21','Linda Lopez','linda.lopez@minitube.test','Brazil','2021-12-21','Hi, I''m Linda. Welcome to my MiniTube profile!'),
(91,'betty.rodriguez','pass123','https://i.pravatar.cc/150?img=22','Betty Rodriguez','betty.rodriguez@minitube.test','Spain','2023-06-17','Hi, I''m Betty. Welcome to my MiniTube profile!'),
(92,'robert.nelson','pass123','https://i.pravatar.cc/150?img=23','Robert Nelson','robert.nelson@minitube.test','United States','2024-09-15','Hi, I''m Robert. Welcome to my MiniTube profile!'),
(93,'james.jones','pass123','https://i.pravatar.cc/150?img=24','James Jones','james.jones@minitube.test','Turkey','2023-10-25','Hi, I''m James. Welcome to my MiniTube profile!'),
(94,'sarah.lopez','pass123','https://i.pravatar.cc/150?img=25','Sarah Lopez','sarah.lopez@minitube.test','Pakistan','2020-04-28','Hi, I''m Sarah. Welcome to my MiniTube profile!'),
(95,'ashley.wright','pass123','https://i.pravatar.cc/150?img=26','Ashley Wright','ashley.wright@minitube.test','Belgium','2022-09-03','Hi, I''m Ashley. Welcome to my MiniTube profile!'),
(96,'carol.young','pass123','https://i.pravatar.cc/150?img=27','Carol Young','carol.young@minitube.test','Norway','2022-07-25','Hi, I''m Carol. Welcome to my MiniTube profile!'),
(97,'michelle.harris','pass123','https://i.pravatar.cc/150?img=28','Michelle Harris','michelle.harris@minitube.test','Finland','2021-02-23','Hi, I''m Michelle. Welcome to my MiniTube profile!'),
(98,'andrew.allen','pass123','https://i.pravatar.cc/150?img=29','Andrew Allen','andrew.allen@minitube.test','Sweden','2023-10-25','Hi, I''m Andrew. Welcome to my MiniTube profile!'),
(99,'patricia.williams','pass123','https://i.pravatar.cc/150?img=30','Patricia Williams','patricia.williams@minitube.test','Finland','2020-09-30','Hi, I''m Patricia. Welcome to my MiniTube profile!'),
(100,'lisa.martinez','pass123','https://i.pravatar.cc/150?img=31','Lisa Martinez','lisa.martinez@minitube.test','United Kingdom','2022-05-23','Hi, I''m Lisa. Welcome to my MiniTube profile!'),
(101,'margaret.lewis','pass123','https://i.pravatar.cc/150?img=32','Margaret Lewis','margaret.lewis@minitube.test','Netherlands','2021-12-31','Hi, I''m Margaret. Welcome to my MiniTube profile!'),
(102,'donna.nguyen','pass123','https://i.pravatar.cc/150?img=33','Donna Nguyen','donna.nguyen@minitube.test','Turkey','2022-07-18','Hi, I''m Donna. Welcome to my MiniTube profile!'),
(103,'betty.clark','pass123','https://i.pravatar.cc/150?img=34','Betty Clark','betty.clark@minitube.test','Pakistan','2023-10-24','Hi, I''m Betty. Welcome to my MiniTube profile!'),
(104,'kevin.lee1','pass123','https://i.pravatar.cc/150?img=35','Kevin Lee','kevin.lee1@minitube.test','Norway','2020-09-08','Hi, I''m Kevin. Welcome to my MiniTube profile!'),
(105,'susan.baker','pass123','https://i.pravatar.cc/150?img=36','Susan Baker','susan.baker@minitube.test','Canada','2024-09-09','Hi, I''m Susan. Welcome to my MiniTube profile!'),
(106,'karen.brown','pass123','https://i.pravatar.cc/150?img=37','Karen Brown','karen.brown@minitube.test','United Kingdom','2023-09-29','Hi, I''m Karen. Welcome to my MiniTube profile!'),
(107,'james.williams','pass123','https://i.pravatar.cc/150?img=38','James Williams','james.williams@minitube.test','Finland','2021-12-09','Hi, I''m James. Welcome to my MiniTube profile!'),
(108,'carol.miller','pass123','https://i.pravatar.cc/150?img=39','Carol Miller','carol.miller@minitube.test','Belgium','2024-04-16','Hi, I''m Carol. Welcome to my MiniTube profile!'),
(109,'sandra.robinson','pass123','https://i.pravatar.cc/150?img=40','Sandra Robinson','sandra.robinson@minitube.test','Pakistan','2023-06-05','Hi, I''m Sandra. Welcome to my MiniTube profile!'),
(110,'michelle.rodriguez','pass123','https://i.pravatar.cc/150?img=41','Michelle Rodriguez','michelle.rodriguez@minitube.test','Turkey','2024-07-06','Hi, I''m Michelle. Welcome to my MiniTube profile!'),
(111,'michelle.carter','pass123','https://i.pravatar.cc/150?img=42','Michelle Carter','michelle.carter@minitube.test','Poland','2022-10-01','Hi, I''m Michelle. Welcome to my MiniTube profile!'),
(112,'paul.campbell','pass123','https://i.pravatar.cc/150?img=43','Paul Campbell','paul.campbell@minitube.test','United States','2021-02-05','Hi, I''m Paul. Welcome to my MiniTube profile!'),
(113,'kimberly.king','pass123','https://i.pravatar.cc/150?img=44','Kimberly King','kimberly.king@minitube.test','Italy','2022-06-11','Hi, I''m Kimberly. Welcome to my MiniTube profile!'),
(114,'jennifer.jackson','pass123','https://i.pravatar.cc/150?img=45','Jennifer Jackson','jennifer.jackson@minitube.test','Japan','2021-06-03','Hi, I''m Jennifer. Welcome to my MiniTube profile!'),
(115,'melissa.lee','pass123','https://i.pravatar.cc/150?img=46','Melissa Lee','melissa.lee@minitube.test','India','2023-03-10','Hi, I''m Melissa. Welcome to my MiniTube profile!'),
(116,'thomas.scott','pass123','https://i.pravatar.cc/150?img=47','Thomas Scott','thomas.scott@minitube.test','Italy','2023-07-12','Hi, I''m Thomas. Welcome to my MiniTube profile!'),
(117,'william.adams','pass123','https://i.pravatar.cc/150?img=48','William Adams','william.adams@minitube.test','India','2021-07-29','Hi, I''m William. Welcome to my MiniTube profile!'),
(118,'patricia.lee','pass123','https://i.pravatar.cc/150?img=49','Patricia Lee','patricia.lee@minitube.test','Spain','2023-03-21','Hi, I''m Patricia. Welcome to my MiniTube profile!'),
(119,'ashley.rodriguez','pass123','https://i.pravatar.cc/150?img=50','Ashley Rodriguez','ashley.rodriguez@minitube.test','South Africa','2022-11-10','Hi, I''m Ashley. Welcome to my MiniTube profile!'),
(120,'deborah.hernandez','pass123','https://i.pravatar.cc/150?img=51','Deborah Hernandez','deborah.hernandez@minitube.test','Australia','2023-01-05','Hi, I''m Deborah. Welcome to my MiniTube profile!');

INSERT INTO channels(channel_id,owner_id,channel_image,name,description,created_on,category) VALUES
(1,99,'https://picsum.photos/seed/ch1/200','Patricia TV','Welcome to Patricia TV. Subscribe for weekly content!','2023-12-11','Technology'),
(2,77,'https://picsum.photos/seed/ch2/200','Nancy TV','Welcome to Nancy TV. Subscribe for weekly content!','2023-11-25','Technology'),
(3,93,'https://picsum.photos/seed/ch3/200','James TV','Welcome to James TV. Subscribe for weekly content!','2022-12-07','Comedy'),
(4,108,'https://picsum.photos/seed/ch4/200','Carol TV','Welcome to Carol TV. Subscribe for weekly content!','2023-12-18','Art'),
(5,57,'https://picsum.photos/seed/ch5/200','Amanda TV','No description provided','2023-02-05','Gaming'),
(6,37,'https://picsum.photos/seed/ch6/200','Emily TV','Welcome to Emily TV. Subscribe for weekly content!','2024-04-01','Sports'),
(7,76,'https://picsum.photos/seed/ch7/200','Michael TV','Welcome to Michael TV. Subscribe for weekly content!','2020-07-17','Fashion'),
(8,45,'https://picsum.photos/seed/ch8/200','Daniel TV','Welcome to Daniel TV. Subscribe for weekly content!','2022-06-16','Gaming'),
(9,107,'https://picsum.photos/seed/ch9/200','James TV','Welcome to James TV. Subscribe for weekly content!','2023-01-10','Education'),
(10,21,'https://picsum.photos/seed/ch10/200','Joseph TV','Welcome to Joseph TV. Subscribe for weekly content!','2023-09-05','Comedy'),
(11,54,'https://picsum.photos/seed/ch11/200','Mark TV','No description provided','2021-01-16','News'),
(12,20,'https://picsum.photos/seed/ch12/200','Kimberly TV','Welcome to Kimberly TV. Subscribe for weekly content!','2021-02-26','Technology'),
(13,85,'https://picsum.photos/seed/ch13/200','James TV','Welcome to James TV. Subscribe for weekly content!','2022-05-16','Comedy'),
(14,86,'https://picsum.photos/seed/ch14/200','Brian TV','Welcome to Brian TV. Subscribe for weekly content!','2024-01-08','Fashion'),
(15,32,'https://picsum.photos/seed/ch15/200','James TV','Welcome to James TV. Subscribe for weekly content!','2023-02-19','Music'),
(16,52,'https://picsum.photos/seed/ch16/200','Elizabeth TV','Welcome to Elizabeth TV. Subscribe for weekly content!','2024-09-26','Movies'),
(17,25,'https://picsum.photos/seed/ch17/200','Barbara TV','Welcome to Barbara TV. Subscribe for weekly content!','2024-07-16','Movies'),
(18,112,'https://picsum.photos/seed/ch18/200','Paul TV','Welcome to Paul TV. Subscribe for weekly content!','2024-09-05','Education'),
(19,116,'https://picsum.photos/seed/ch19/200','Thomas TV','Welcome to Thomas TV. Subscribe for weekly content!','2022-06-29','Sports'),
(20,5,'https://picsum.photos/seed/ch20/200','Jessica TV','Welcome to Jessica TV. Subscribe for weekly content!','2024-01-29','Comedy'),
(21,60,'https://picsum.photos/seed/ch21/200','Elizabeth TV','Welcome to Elizabeth TV. Subscribe for weekly content!','2022-09-01','Art'),
(22,83,'https://picsum.photos/seed/ch22/200','Deborah TV','Welcome to Deborah TV. Subscribe for weekly content!','2021-01-31','Gaming'),
(23,95,'https://picsum.photos/seed/ch23/200','Ashley TV','No description provided','2022-02-02','Gaming'),
(24,59,'https://picsum.photos/seed/ch24/200','Linda TV','Welcome to Linda TV. Subscribe for weekly content!','2021-07-11','News'),
(25,9,'https://picsum.photos/seed/ch25/200','Margaret TV','Welcome to Margaret TV. Subscribe for weekly content!','2024-06-19','Cooking'),
(26,114,'https://picsum.photos/seed/ch26/200','Jennifer TV','Welcome to Jennifer TV. Subscribe for weekly content!','2022-10-02','Fashion'),
(27,72,'https://picsum.photos/seed/ch27/200','Deborah TV','Welcome to Deborah TV. Subscribe for weekly content!','2023-02-14','Gaming'),
(28,51,'https://picsum.photos/seed/ch28/200','Anthony TV','Welcome to Anthony TV. Subscribe for weekly content!','2021-09-08','Vlogs'),
(29,18,'https://picsum.photos/seed/ch29/200','Barbara TV','Welcome to Barbara TV. Subscribe for weekly content!','2024-06-06','Science'),
(30,29,'https://picsum.photos/seed/ch30/200','Carol TV','Welcome to Carol TV. Subscribe for weekly content!','2022-05-16','Movies'),
(31,68,'https://picsum.photos/seed/ch31/200','James TV','Welcome to James TV. Subscribe for weekly content!','2024-04-21','Fitness'),
(32,61,'https://picsum.photos/seed/ch32/200','Ashley TV','Welcome to Ashley TV. Subscribe for weekly content!','2023-10-28','Art'),
(33,35,'https://picsum.photos/seed/ch33/200','Anthony TV','Welcome to Anthony TV. Subscribe for weekly content!','2023-01-18','Fashion'),
(34,14,'https://picsum.photos/seed/ch34/200','Christopher TV','Welcome to Christopher TV. Subscribe for weekly content!','2024-05-27','Science'),
(35,58,'https://picsum.photos/seed/ch35/200','Kenneth TV','No description provided','2022-12-06','Art'),
(36,44,'https://picsum.photos/seed/ch36/200','William TV','Welcome to William TV. Subscribe for weekly content!','2021-09-08','Sports'),
(37,100,'https://picsum.photos/seed/ch37/200','Lisa TV','No description provided','2020-09-18','Education'),
(38,91,'https://picsum.photos/seed/ch38/200','Betty TV','Welcome to Betty TV. Subscribe for weekly content!','2023-10-17','News'),
(39,41,'https://picsum.photos/seed/ch39/200','Thomas TV','No description provided','2024-07-24','Fashion'),
(40,110,'https://picsum.photos/seed/ch40/200','Michelle TV','Welcome to Michelle TV. Subscribe for weekly content!','2020-11-10','Music'),
(41,89,'https://picsum.photos/seed/ch41/200','Anthony TV','Welcome to Anthony TV. Subscribe for weekly content!','2020-11-01','Fashion'),
(42,105,'https://picsum.photos/seed/ch42/200','Susan TV','No description provided','2020-10-04','Fitness'),
(43,106,'https://picsum.photos/seed/ch43/200','Karen TV','Welcome to Karen TV. Subscribe for weekly content!','2024-09-23','Music'),
(44,2,'https://picsum.photos/seed/ch44/200','Anthony TV','Welcome to Anthony TV. Subscribe for weekly content!','2022-01-05','Art'),
(45,40,'https://picsum.photos/seed/ch45/200','Thomas TV','Welcome to Thomas TV. Subscribe for weekly content!','2024-05-26','Movies'),
(46,120,'https://picsum.photos/seed/ch46/200','Deborah TV','No description provided','2021-01-05','Cooking'),
(47,104,'https://picsum.photos/seed/ch47/200','Kevin TV','Welcome to Kevin TV. Subscribe for weekly content!','2024-12-16','Travel'),
(48,66,'https://picsum.photos/seed/ch48/200','James TV','Welcome to James TV. Subscribe for weekly content!','2021-02-17','News'),
(49,113,'https://picsum.photos/seed/ch49/200','Kimberly TV','Welcome to Kimberly TV. Subscribe for weekly content!','2021-08-27','Sports'),
(50,97,'https://picsum.photos/seed/ch50/200','Michelle TV','Welcome to Michelle TV. Subscribe for weekly content!','2022-07-12','Movies'),
(51,90,'https://picsum.photos/seed/ch51/200','Linda TV','No description provided','2020-10-02','Fashion'),
(52,15,'https://picsum.photos/seed/ch52/200','Jessica TV','No description provided','2020-11-30','Education'),
(53,67,'https://picsum.photos/seed/ch53/200','Kevin TV','Welcome to Kevin TV. Subscribe for weekly content!','2022-02-02','Movies'),
(54,8,'https://picsum.photos/seed/ch54/200','Donna TV','Welcome to Donna TV. Subscribe for weekly content!','2022-12-31','Gaming'),
(55,7,'https://picsum.photos/seed/ch55/200','Deborah TV','Welcome to Deborah TV. Subscribe for weekly content!','2023-06-20','Comedy'),
(56,63,'https://picsum.photos/seed/ch56/200','Daniel TV','Welcome to Daniel TV. Subscribe for weekly content!','2021-02-28','Technology'),
(57,23,'https://picsum.photos/seed/ch57/200','Jennifer TV','Welcome to Jennifer TV. Subscribe for weekly content!','2024-04-17','Gaming'),
(58,96,'https://picsum.photos/seed/ch58/200','Carol TV','Welcome to Carol TV. Subscribe for weekly content!','2021-08-14','Fitness'),
(59,50,'https://picsum.photos/seed/ch59/200','Susan TV','Welcome to Susan TV. Subscribe for weekly content!','2021-09-07','Art'),
(60,70,'https://picsum.photos/seed/ch60/200','Joseph TV','Welcome to Joseph TV. Subscribe for weekly content!','2020-11-02','Gaming');

INSERT INTO videos(video_id,channel_id,title,description,url,duration_seconds,uploaded_at,view_count,like_count) VALUES
(1,45,'Behind the Scenes #1','Video description for: Behind the Scenes #1','https://www.youtube.com/watch?v=pRpeEdMmmQ0',1205,'2025-05-03 02:51:41',2745,490),
(2,28,'A Complete Walkthrough #2','Video description for: A Complete Walkthrough #2','https://www.youtube.com/watch?v=YQHsXMglC9A',275,'2024-08-11 13:04:00',2469,579),
(3,33,'Everything You Need to Know #3','Video description for: Everything You Need to Know #3','https://www.youtube.com/watch?v=PT2_F-1esPk',1556,'2024-04-09 12:42:22',1880,312),
(4,54,'Hidden Secrets Revealed #4','Video description for: Hidden Secrets Revealed #4','https://www.youtube.com/watch?v=QcIy9NiNbmo',739,'2025-05-20 04:34:00',3012,1020),
(5,2,'The Story Behind It All #5','Video description for: The Story Behind It All #5','https://www.youtube.com/watch?v=kJQP7kiw5Fk',1547,'2025-04-05 07:41:15',1669,531),
(6,1,'Top 10 Tips for Beginners #6','Video description for: Top 10 Tips for Beginners #6','https://www.youtube.com/watch?v=pRpeEdMmmQ0',486,'2023-01-03 10:22:44',2373,1075),
(7,30,'Quick Review and Reaction #7','Video description for: Quick Review and Reaction #7','https://www.youtube.com/watch?v=ktvTqknDobU',1697,'2023-10-09 18:02:26',660,314),
(8,24,'Things I Wish I Knew #8','Video description for: Things I Wish I Knew #8','https://www.youtube.com/watch?v=60ItHLz5WEA',924,'2025-04-21 12:00:42',1216,259),
(9,35,'Things I Wish I Knew #9','Video description for: Things I Wish I Knew #9','https://www.youtube.com/watch?v=oRdxUFDoQe0',1675,'2024-06-25 14:34:18',4982,1654),
(10,39,'Trying This for the First Time #10','Video description for: Trying This for the First Time #10','https://www.youtube.com/watch?v=PT2_F-1esPk',1497,'2025-03-13 03:22:43',3534,577),
(11,7,'Don''t Make These Mistakes #11','Video description for: Don''t Make These Mistakes #11','https://www.youtube.com/watch?v=uelHwf8o7_U',1544,'2023-01-29 00:19:48',1552,438),
(12,47,'Don''t Make These Mistakes #12','Video description for: Don''t Make These Mistakes #12','https://www.youtube.com/watch?v=fJ9rUzIMcZQ',779,'2024-11-17 03:45:38',4240,813),
(13,28,'Trying This for the First Time #13','Video description for: Trying This for the First Time #13','https://www.youtube.com/watch?v=2vjPBrBU-TM',457,'2024-10-14 23:19:30',3005,1484),
(14,40,'Best Moments Compilation #14','Video description for: Best Moments Compilation #14','https://www.youtube.com/watch?v=Zi_XLOBDo_Y',529,'2023-08-25 10:26:48',753,341),
(15,21,'Trying This for the First Time #15','Video description for: Trying This for the First Time #15','https://www.youtube.com/watch?v=RgKAFK5djSk',1011,'2024-06-20 02:51:07',3514,1075),
(16,5,'Trying This for the First Time #16','Video description for: Trying This for the First Time #16','https://www.youtube.com/watch?v=uelHwf8o7_U',218,'2023-10-27 16:25:39',3145,78),
(17,29,'The Story Behind It All #17','Video description for: The Story Behind It All #17','https://www.youtube.com/watch?v=LDU_Txk06tM',110,'2023-07-01 23:09:36',1898,301),
(18,55,'The Story Behind It All #18','Video description for: The Story Behind It All #18','https://www.youtube.com/watch?v=hT_nvWreIhg',857,'2024-10-13 22:23:59',343,64),
(19,18,'Quick Review and Reaction #19','Video description for: Quick Review and Reaction #19','https://www.youtube.com/watch?v=nfWlot6h_JM',800,'2024-11-05 12:37:59',3785,608),
(20,14,'Live Performance Highlights #20','Video description for: Live Performance Highlights #20','https://www.youtube.com/watch?v=hT_nvWreIhg',1335,'2024-11-03 00:14:34',2024,659),
(21,29,'Why You Should Try This #21','Video description for: Why You Should Try This #21','https://www.youtube.com/watch?v=dQw4w9WgXcQ',184,'2023-02-12 02:11:34',2159,405),
(22,24,'What Nobody Tells You #22','Video description for: What Nobody Tells You #22','https://www.youtube.com/watch?v=ktvTqknDobU',91,'2025-03-26 08:03:45',3705,1162),
(23,36,'The Story Behind It All #23','Video description for: The Story Behind It All #23','https://www.youtube.com/watch?v=fJ9rUzIMcZQ',740,'2023-09-12 01:13:51',4149,2031),
(24,13,'A Complete Walkthrough #24','Video description for: A Complete Walkthrough #24','https://www.youtube.com/watch?v=PT2_F-1esPk',1659,'2023-06-14 19:50:52',215,10),
(25,38,'Trying This for the First Time #25','Video description for: Trying This for the First Time #25','https://www.youtube.com/watch?v=hT_nvWreIhg',596,'2023-05-21 10:43:44',2210,212),
(26,59,'My Honest Opinion #26','Video description for: My Honest Opinion #26','https://www.youtube.com/watch?v=DyDfgMOUjCI',1117,'2023-11-21 14:43:49',1027,36),
(27,10,'Behind the Scenes #27','Video description for: Behind the Scenes #27','https://www.youtube.com/watch?v=hT_nvWreIhg',793,'2023-11-23 01:56:33',1791,415),
(28,55,'A Complete Walkthrough #28','Video description for: A Complete Walkthrough #28','https://www.youtube.com/watch?v=oRdxUFDoQe0',1748,'2024-05-30 12:56:55',1394,359),
(29,32,'A Complete Walkthrough #29','Video description for: A Complete Walkthrough #29','https://www.youtube.com/watch?v=hT_nvWreIhg',863,'2024-08-23 19:40:34',2131,642),
(30,33,'How It Really Works #30','Video description for: How It Really Works #30','https://www.youtube.com/watch?v=OPf0YbXqDm0',1561,'2024-02-08 00:08:31',1263,120),
(31,2,'Live Performance Highlights #31','Video description for: Live Performance Highlights #31','https://www.youtube.com/watch?v=oRdxUFDoQe0',692,'2023-12-03 05:02:15',900,412),
(32,32,'How It Really Works #32','Video description for: How It Really Works #32','https://www.youtube.com/watch?v=PT2_F-1esPk',732,'2024-12-25 10:26:05',957,232),
(33,37,'Trying This for the First Time #33','Video description for: Trying This for the First Time #33','https://www.youtube.com/watch?v=DyDfgMOUjCI',995,'2024-06-06 04:06:13',1519,75),
(34,21,'The Truth About This #34','Video description for: The Truth About This #34','https://www.youtube.com/watch?v=pRpeEdMmmQ0',1038,'2023-01-09 02:09:20',3861,1810),
(35,8,'Hidden Secrets Revealed #35','Video description for: Hidden Secrets Revealed #35','https://www.youtube.com/watch?v=Zi_XLOBDo_Y',1536,'2024-05-19 23:22:18',671,29),
(36,34,'A Day in My Life #36','Video description for: A Day in My Life #36','https://www.youtube.com/watch?v=ktvTqknDobU',1344,'2023-09-13 22:55:55',2658,1110),
(37,5,'Don''t Make These Mistakes #37','Video description for: Don''t Make These Mistakes #37','https://www.youtube.com/watch?v=OPf0YbXqDm0',1311,'2024-07-21 18:17:12',189,80),
(38,47,'Things I Wish I Knew #38','Video description for: Things I Wish I Knew #38','https://www.youtube.com/watch?v=Hy8kmNEo1i8',387,'2023-05-12 14:40:02',2630,677),
(39,43,'Things I Wish I Knew #39','Video description for: Things I Wish I Knew #39','https://www.youtube.com/watch?v=fJ9rUzIMcZQ',1200,'2024-01-02 20:42:47',2089,84),
(40,15,'Trying This for the First Time #40','Video description for: Trying This for the First Time #40','https://www.youtube.com/watch?v=CevxZvSJLk8',1608,'2023-08-07 02:51:30',1667,795),
(41,49,'Things I Wish I Knew #41','Video description for: Things I Wish I Knew #41','https://www.youtube.com/watch?v=PT2_F-1esPk',599,'2024-02-16 17:09:35',3996,102),
(42,1,'Things I Wish I Knew #42','Video description for: Things I Wish I Knew #42','https://www.youtube.com/watch?v=nfWlot6h_JM',1549,'2025-02-21 04:48:26',1256,26),
(43,37,'Don''t Make These Mistakes #43','Video description for: Don''t Make These Mistakes #43','https://www.youtube.com/watch?v=LDU_Txk06tM',1627,'2023-06-01 06:30:10',3611,304),
(44,37,'How It Really Works #44','Video description for: How It Really Works #44','https://www.youtube.com/watch?v=ktvTqknDobU',124,'2025-01-26 10:07:07',1376,57),
(45,46,'Live Performance Highlights #45','Video description for: Live Performance Highlights #45','https://www.youtube.com/watch?v=dQw4w9WgXcQ',1636,'2023-08-09 19:25:25',3160,399),
(46,46,'What Nobody Tells You #46','Video description for: What Nobody Tells You #46','https://www.youtube.com/watch?v=RgKAFK5djSk',153,'2023-10-07 11:13:33',3844,1043),
(47,57,'Don''t Make These Mistakes #47','Video description for: Don''t Make These Mistakes #47','https://www.youtube.com/watch?v=LDU_Txk06tM',317,'2025-05-16 19:07:05',668,10),
(48,41,'Hidden Secrets Revealed #48','Video description for: Hidden Secrets Revealed #48','https://www.youtube.com/watch?v=ktvTqknDobU',1298,'2024-07-02 19:04:13',1249,82),
(49,57,'Hidden Secrets Revealed #49','Video description for: Hidden Secrets Revealed #49','https://www.youtube.com/watch?v=LDU_Txk06tM',1144,'2023-11-25 23:41:17',1200,406),
(50,14,'My Honest Opinion #50','Video description for: My Honest Opinion #50','https://www.youtube.com/watch?v=LDU_Txk06tM',1666,'2024-10-31 19:14:26',186,78),
(51,46,'The Truth About This #51','Video description for: The Truth About This #51','https://www.youtube.com/watch?v=uelHwf8o7_U',1628,'2023-04-24 17:43:09',519,256),
(52,24,'Trying This for the First Time #52','Video description for: Trying This for the First Time #52','https://www.youtube.com/watch?v=YQHsXMglC9A',458,'2023-05-28 14:26:51',2434,259),
(53,30,'24 Hours Challenge #53','Video description for: 24 Hours Challenge #53','https://www.youtube.com/watch?v=60ItHLz5WEA',598,'2023-10-09 23:09:29',4536,622),
(54,40,'The Truth About This #54','Video description for: The Truth About This #54','https://www.youtube.com/watch?v=PT2_F-1esPk',1208,'2024-10-11 05:35:42',1197,227),
(55,4,'Live Performance Highlights #55','Video description for: Live Performance Highlights #55','https://www.youtube.com/watch?v=YQHsXMglC9A',1331,'2025-05-22 10:01:07',541,49),
(56,1,'The Truth About This #56','Video description for: The Truth About This #56','https://www.youtube.com/watch?v=oRdxUFDoQe0',1378,'2024-04-16 16:52:50',4485,1714),
(57,35,'Top 10 Tips for Beginners #57','Video description for: Top 10 Tips for Beginners #57','https://www.youtube.com/watch?v=60ItHLz5WEA',552,'2025-04-24 21:07:59',1661,266),
(58,6,'My Honest Opinion #58','Video description for: My Honest Opinion #58','https://www.youtube.com/watch?v=oRdxUFDoQe0',1541,'2023-08-10 07:23:09',2841,541),
(59,29,'Quick Review and Reaction #59','Video description for: Quick Review and Reaction #59','https://www.youtube.com/watch?v=CevxZvSJLk8',375,'2023-02-04 12:33:01',339,145),
(60,50,'Top 10 Tips for Beginners #60','Video description for: Top 10 Tips for Beginners #60','https://www.youtube.com/watch?v=Zi_XLOBDo_Y',1694,'2023-09-25 14:09:20',3153,1430),
(61,50,'How It Really Works #61','Video description for: How It Really Works #61','https://www.youtube.com/watch?v=e-ORhEE9VVg',1189,'2024-11-30 00:28:04',3305,831),
(62,45,'Top 10 Tips for Beginners #62','Video description for: Top 10 Tips for Beginners #62','https://www.youtube.com/watch?v=e-ORhEE9VVg',219,'2024-07-08 21:42:38',928,173),
(63,21,'The Truth About This #63','Video description for: The Truth About This #63','https://www.youtube.com/watch?v=nfWlot6h_JM',751,'2023-04-20 23:11:04',598,256),
(64,29,'Quick Review and Reaction #64','Video description for: Quick Review and Reaction #64','https://www.youtube.com/watch?v=Zi_XLOBDo_Y',854,'2024-06-20 06:19:22',713,211),
(65,55,'Why You Should Try This #65','Video description for: Why You Should Try This #65','https://www.youtube.com/watch?v=DyDfgMOUjCI',294,'2023-05-09 23:59:12',2653,707),
(66,29,'My Honest Opinion #66','Video description for: My Honest Opinion #66','https://www.youtube.com/watch?v=oRdxUFDoQe0',1669,'2023-12-19 14:08:50',4537,1494),
(67,39,'Quick Review and Reaction #67','Video description for: Quick Review and Reaction #67','https://www.youtube.com/watch?v=PT2_F-1esPk',411,'2023-09-29 09:59:28',3055,1350),
(68,3,'The Truth About This #68','Video description for: The Truth About This #68','https://www.youtube.com/watch?v=RgKAFK5djSk',657,'2023-04-23 23:33:22',597,65),
(69,27,'Live Performance Highlights #69','Video description for: Live Performance Highlights #69','https://www.youtube.com/watch?v=dQw4w9WgXcQ',866,'2024-10-05 04:21:48',255,16),
(70,50,'Everything You Need to Know #70','Video description for: Everything You Need to Know #70','https://www.youtube.com/watch?v=fJ9rUzIMcZQ',53,'2023-02-05 13:11:02',202,40),
(71,58,'Behind the Scenes #71','Video description for: Behind the Scenes #71','https://www.youtube.com/watch?v=OPf0YbXqDm0',1794,'2025-03-14 01:47:38',4641,2202),
(72,21,'Ultimate Tutorial Guide #72','Video description for: Ultimate Tutorial Guide #72','https://www.youtube.com/watch?v=RgKAFK5djSk',784,'2023-05-15 15:24:22',4885,1206),
(73,46,'What Nobody Tells You #73','Video description for: What Nobody Tells You #73','https://www.youtube.com/watch?v=Zi_XLOBDo_Y',1691,'2023-05-08 06:00:43',748,356),
(74,60,'Top 10 Tips for Beginners #74','Video description for: Top 10 Tips for Beginners #74','https://www.youtube.com/watch?v=PT2_F-1esPk',977,'2024-02-26 21:56:38',649,166),
(75,18,'Behind the Scenes #75','Video description for: Behind the Scenes #75','https://www.youtube.com/watch?v=nfWlot6h_JM',40,'2024-04-10 15:26:36',4402,2063),
(76,52,'Ultimate Tutorial Guide #76','Video description for: Ultimate Tutorial Guide #76','https://www.youtube.com/watch?v=OPf0YbXqDm0',262,'2023-06-18 01:13:47',743,146),
(77,9,'What Nobody Tells You #77','Video description for: What Nobody Tells You #77','https://www.youtube.com/watch?v=Hy8kmNEo1i8',1658,'2023-08-02 17:36:29',3949,1634),
(78,40,'Why You Should Try This #78','Video description for: Why You Should Try This #78','https://www.youtube.com/watch?v=OPf0YbXqDm0',1060,'2023-05-06 05:29:38',3990,1927),
(79,1,'What Nobody Tells You #79','Video description for: What Nobody Tells You #79','https://www.youtube.com/watch?v=YQHsXMglC9A',1159,'2024-06-05 23:39:29',4173,807),
(80,20,'The Truth About This #80','Video description for: The Truth About This #80','https://www.youtube.com/watch?v=QcIy9NiNbmo',41,'2023-03-02 03:46:53',1263,602),
(81,52,'Quick Review and Reaction #81','Video description for: Quick Review and Reaction #81','https://www.youtube.com/watch?v=Zi_XLOBDo_Y',184,'2025-03-13 19:31:12',3821,942),
(82,56,'Top 10 Tips for Beginners #82','Video description for: Top 10 Tips for Beginners #82','https://www.youtube.com/watch?v=JGwWNGJdvx8',518,'2023-10-05 11:36:56',1721,551),
(83,36,'Ultimate Tutorial Guide #83','Video description for: Ultimate Tutorial Guide #83','https://www.youtube.com/watch?v=2vjPBrBU-TM',1146,'2023-09-21 11:09:02',1078,48),
(84,29,'A Day in My Life #84','Video description for: A Day in My Life #84','https://www.youtube.com/watch?v=QcIy9NiNbmo',625,'2024-08-27 10:25:17',3208,356),
(85,26,'Everything You Need to Know #85','Video description for: Everything You Need to Know #85','https://www.youtube.com/watch?v=60ItHLz5WEA',224,'2025-01-30 21:11:27',590,104),
(86,48,'Trying This for the First Time #86','Video description for: Trying This for the First Time #86','https://www.youtube.com/watch?v=OPf0YbXqDm0',708,'2023-08-03 04:21:55',2054,171),
(87,12,'Trying This for the First Time #87','Video description for: Trying This for the First Time #87','https://www.youtube.com/watch?v=YQHsXMglC9A',1109,'2025-01-30 11:45:50',1774,246),
(88,14,'Don''t Make These Mistakes #88','Video description for: Don''t Make These Mistakes #88','https://www.youtube.com/watch?v=Zi_XLOBDo_Y',180,'2024-10-31 12:11:48',312,100),
(89,35,'A Complete Walkthrough #89','Video description for: A Complete Walkthrough #89','https://www.youtube.com/watch?v=QcIy9NiNbmo',509,'2024-02-21 02:07:29',877,237),
(90,50,'Ultimate Tutorial Guide #90','Video description for: Ultimate Tutorial Guide #90','https://www.youtube.com/watch?v=60ItHLz5WEA',219,'2024-05-19 09:17:07',503,173),
(91,50,'Trying This for the First Time #91','Video description for: Trying This for the First Time #91','https://www.youtube.com/watch?v=KQ6zr6kCPj8',378,'2025-04-19 22:44:31',4590,1798),
(92,9,'Things I Wish I Knew #92','Video description for: Things I Wish I Knew #92','https://www.youtube.com/watch?v=60ItHLz5WEA',401,'2024-05-18 08:41:13',1993,237),
(93,30,'Everything You Need to Know #93','Video description for: Everything You Need to Know #93','https://www.youtube.com/watch?v=kJQP7kiw5Fk',278,'2023-01-13 01:09:44',3965,1092),
(94,18,'My Honest Opinion #94','Video description for: My Honest Opinion #94','https://www.youtube.com/watch?v=uelHwf8o7_U',547,'2023-01-05 20:21:26',2257,35),
(95,35,'Hidden Secrets Revealed #95','Video description for: Hidden Secrets Revealed #95','https://www.youtube.com/watch?v=Zi_XLOBDo_Y',201,'2023-11-26 13:19:09',2158,837),
(96,16,'Live Performance Highlights #96','Video description for: Live Performance Highlights #96','https://www.youtube.com/watch?v=JGwWNGJdvx8',826,'2024-01-29 12:50:24',2983,383),
(97,59,'Top 10 Tips for Beginners #97','Video description for: Top 10 Tips for Beginners #97','https://www.youtube.com/watch?v=DyDfgMOUjCI',954,'2023-02-25 04:56:46',1374,195),
(98,5,'Top 10 Tips for Beginners #98','Video description for: Top 10 Tips for Beginners #98','https://www.youtube.com/watch?v=fJ9rUzIMcZQ',707,'2024-03-09 03:11:17',3016,1089),
(99,18,'My Honest Opinion #99','Video description for: My Honest Opinion #99','https://www.youtube.com/watch?v=9bZkp7q19f0',182,'2023-05-19 21:11:36',1864,771),
(100,40,'A Complete Walkthrough #100','Video description for: A Complete Walkthrough #100','https://www.youtube.com/watch?v=RgKAFK5djSk',485,'2023-08-05 00:12:40',4618,311),
(101,1,'A Day in My Life #101','Video description for: A Day in My Life #101','https://www.youtube.com/watch?v=LDU_Txk06tM',280,'2024-10-04 02:47:02',883,292),
(102,25,'Hidden Secrets Revealed #102','Video description for: Hidden Secrets Revealed #102','https://www.youtube.com/watch?v=CevxZvSJLk8',1324,'2024-07-15 08:03:45',3695,1769),
(103,41,'How It Really Works #103','Video description for: How It Really Works #103','https://www.youtube.com/watch?v=9bZkp7q19f0',328,'2024-06-09 04:26:48',2872,1301),
(104,50,'24 Hours Challenge #104','Video description for: 24 Hours Challenge #104','https://www.youtube.com/watch?v=nfWlot6h_JM',446,'2025-02-11 05:57:09',3662,634),
(105,36,'Quick Review and Reaction #105','Video description for: Quick Review and Reaction #105','https://www.youtube.com/watch?v=CevxZvSJLk8',1412,'2025-03-24 15:23:49',4792,1569),
(106,19,'Everything You Need to Know #106','Video description for: Everything You Need to Know #106','https://www.youtube.com/watch?v=JGwWNGJdvx8',511,'2024-04-28 19:10:21',628,312),
(107,1,'Things I Wish I Knew #107','Video description for: Things I Wish I Knew #107','https://www.youtube.com/watch?v=PT2_F-1esPk',1012,'2023-02-28 22:20:08',1935,450),
(108,38,'The Truth About This #108','Video description for: The Truth About This #108','https://www.youtube.com/watch?v=2vjPBrBU-TM',1132,'2024-01-02 06:08:09',800,320),
(109,22,'Don''t Make These Mistakes #109','Video description for: Don''t Make These Mistakes #109','https://www.youtube.com/watch?v=PT2_F-1esPk',440,'2023-11-06 07:43:21',2948,1444),
(110,60,'A Complete Walkthrough #110','Video description for: A Complete Walkthrough #110','https://www.youtube.com/watch?v=kJQP7kiw5Fk',272,'2025-04-05 18:24:48',139,27),
(111,1,'Quick Review and Reaction #111','Video description for: Quick Review and Reaction #111','https://www.youtube.com/watch?v=KQ6zr6kCPj8',1226,'2024-03-20 11:03:29',4995,275),
(112,27,'Quick Review and Reaction #112','Video description for: Quick Review and Reaction #112','https://www.youtube.com/watch?v=QcIy9NiNbmo',152,'2024-06-02 23:28:05',651,253),
(113,27,'The Story Behind It All #113','Video description for: The Story Behind It All #113','https://www.youtube.com/watch?v=pRpeEdMmmQ0',780,'2023-02-17 20:47:03',252,103),
(114,18,'Best Moments Compilation #114','Video description for: Best Moments Compilation #114','https://www.youtube.com/watch?v=uelHwf8o7_U',576,'2023-02-04 10:23:16',1001,91),
(115,35,'Ultimate Tutorial Guide #115','Video description for: Ultimate Tutorial Guide #115','https://www.youtube.com/watch?v=hT_nvWreIhg',210,'2025-01-11 12:04:48',889,67),
(116,21,'Hidden Secrets Revealed #116','Video description for: Hidden Secrets Revealed #116','https://www.youtube.com/watch?v=2vjPBrBU-TM',1134,'2023-05-16 12:20:26',2017,757),
(117,24,'A Complete Walkthrough #117','Video description for: A Complete Walkthrough #117','https://www.youtube.com/watch?v=pRpeEdMmmQ0',410,'2024-04-12 07:40:08',2433,422),
(118,12,'Everything You Need to Know #118','Video description for: Everything You Need to Know #118','https://www.youtube.com/watch?v=CevxZvSJLk8',846,'2024-02-28 10:47:23',1105,313),
(119,53,'A Day in My Life #119','Video description for: A Day in My Life #119','https://www.youtube.com/watch?v=nfWlot6h_JM',1504,'2025-02-11 03:28:08',3297,262),
(120,46,'Everything You Need to Know #120','Video description for: Everything You Need to Know #120','https://www.youtube.com/watch?v=QcIy9NiNbmo',762,'2023-12-04 02:15:03',1075,44),
(121,38,'Don''t Make These Mistakes #121','Video description for: Don''t Make These Mistakes #121','https://www.youtube.com/watch?v=60ItHLz5WEA',1046,'2023-06-27 21:24:55',4946,127),
(122,27,'Don''t Make These Mistakes #122','Video description for: Don''t Make These Mistakes #122','https://www.youtube.com/watch?v=kJQP7kiw5Fk',1643,'2023-10-14 11:03:34',4470,508),
(123,43,'Trying This for the First Time #123','Video description for: Trying This for the First Time #123','https://www.youtube.com/watch?v=QcIy9NiNbmo',1154,'2024-06-01 10:15:26',4792,1792),
(124,9,'Best Moments Compilation #124','Video description for: Best Moments Compilation #124','https://www.youtube.com/watch?v=Zi_XLOBDo_Y',129,'2024-01-25 01:45:12',2650,318),
(125,10,'Behind the Scenes #125','Video description for: Behind the Scenes #125','https://www.youtube.com/watch?v=fJ9rUzIMcZQ',369,'2023-08-07 01:52:44',4687,913),
(126,14,'24 Hours Challenge #126','Video description for: 24 Hours Challenge #126','https://www.youtube.com/watch?v=pRpeEdMmmQ0',650,'2024-08-04 03:59:26',2177,147),
(127,55,'Quick Review and Reaction #127','Video description for: Quick Review and Reaction #127','https://www.youtube.com/watch?v=uelHwf8o7_U',1016,'2024-05-05 05:45:28',277,71),
(128,50,'Hidden Secrets Revealed #128','Video description for: Hidden Secrets Revealed #128','https://www.youtube.com/watch?v=pRpeEdMmmQ0',1519,'2024-01-10 16:45:16',3242,1584),
(129,39,'Don''t Make These Mistakes #129','Video description for: Don''t Make These Mistakes #129','https://www.youtube.com/watch?v=e-ORhEE9VVg',437,'2025-05-20 10:03:18',1456,38),
(130,31,'Trying This for the First Time #130','Video description for: Trying This for the First Time #130','https://www.youtube.com/watch?v=YQHsXMglC9A',122,'2023-12-01 01:32:24',4714,2099),
(131,50,'Ultimate Tutorial Guide #131','Video description for: Ultimate Tutorial Guide #131','https://www.youtube.com/watch?v=nfWlot6h_JM',1098,'2023-12-16 16:46:21',4857,1590),
(132,29,'How It Really Works #132','Video description for: How It Really Works #132','https://www.youtube.com/watch?v=9bZkp7q19f0',45,'2023-08-25 17:41:00',2867,343),
(133,4,'Behind the Scenes #133','Video description for: Behind the Scenes #133','https://www.youtube.com/watch?v=OPf0YbXqDm0',906,'2023-12-10 22:19:47',3766,130),
(134,9,'The Story Behind It All #134','Video description for: The Story Behind It All #134','https://www.youtube.com/watch?v=PT2_F-1esPk',1344,'2025-01-06 09:42:32',4517,1225),
(135,37,'A Day in My Life #135','Video description for: A Day in My Life #135','https://www.youtube.com/watch?v=pRpeEdMmmQ0',448,'2024-10-13 12:15:16',3684,373),
(136,36,'Things I Wish I Knew #136','Video description for: Things I Wish I Knew #136','https://www.youtube.com/watch?v=KQ6zr6kCPj8',51,'2024-04-22 20:54:30',2906,966),
(137,24,'Top 10 Tips for Beginners #137','Video description for: Top 10 Tips for Beginners #137','https://www.youtube.com/watch?v=uelHwf8o7_U',702,'2023-08-14 07:01:06',2406,744),
(138,8,'A Day in My Life #138','Video description for: A Day in My Life #138','https://www.youtube.com/watch?v=Hy8kmNEo1i8',1552,'2023-09-19 09:22:17',44,3),
(139,21,'24 Hours Challenge #139','Video description for: 24 Hours Challenge #139','https://www.youtube.com/watch?v=PT2_F-1esPk',1484,'2023-10-20 03:07:28',2405,302),
(140,17,'How It Really Works #140','Video description for: How It Really Works #140','https://www.youtube.com/watch?v=LDU_Txk06tM',672,'2024-03-26 07:06:18',29,7),
(141,31,'Behind the Scenes #141','Video description for: Behind the Scenes #141','https://www.youtube.com/watch?v=2vjPBrBU-TM',583,'2024-04-19 01:04:38',3555,1352),
(142,43,'The Story Behind It All #142','Video description for: The Story Behind It All #142','https://www.youtube.com/watch?v=60ItHLz5WEA',278,'2024-11-27 04:25:32',2895,491),
(143,20,'What Nobody Tells You #143','Video description for: What Nobody Tells You #143','https://www.youtube.com/watch?v=nfWlot6h_JM',1265,'2024-10-01 23:22:08',2547,1094),
(144,4,'Best Moments Compilation #144','Video description for: Best Moments Compilation #144','https://www.youtube.com/watch?v=oRdxUFDoQe0',880,'2023-12-07 02:23:41',2804,1276),
(145,22,'Trying This for the First Time #145','Video description for: Trying This for the First Time #145','https://www.youtube.com/watch?v=kJQP7kiw5Fk',1163,'2023-08-18 15:11:32',3247,1238),
(146,43,'What Nobody Tells You #146','Video description for: What Nobody Tells You #146','https://www.youtube.com/watch?v=9bZkp7q19f0',280,'2024-09-24 01:57:31',4062,1246),
(147,16,'Top 10 Tips for Beginners #147','Video description for: Top 10 Tips for Beginners #147','https://www.youtube.com/watch?v=nfWlot6h_JM',37,'2023-07-28 00:04:08',2739,447),
(148,38,'Things I Wish I Knew #148','Video description for: Things I Wish I Knew #148','https://www.youtube.com/watch?v=60ItHLz5WEA',371,'2023-08-22 19:58:56',4426,1480),
(149,43,'What Nobody Tells You #149','Video description for: What Nobody Tells You #149','https://www.youtube.com/watch?v=9bZkp7q19f0',1222,'2025-03-30 11:43:49',4337,2039),
(150,1,'The Story Behind It All #150','Video description for: The Story Behind It All #150','https://www.youtube.com/watch?v=YQHsXMglC9A',817,'2023-04-11 09:56:14',1744,219),
(151,57,'How It Really Works #151','Video description for: How It Really Works #151','https://www.youtube.com/watch?v=ktvTqknDobU',1448,'2025-03-28 00:09:39',1108,243),
(152,8,'The Story Behind It All #152','Video description for: The Story Behind It All #152','https://www.youtube.com/watch?v=DyDfgMOUjCI',1252,'2024-02-21 08:03:40',4124,541),
(153,31,'How It Really Works #153','Video description for: How It Really Works #153','https://www.youtube.com/watch?v=ktvTqknDobU',1674,'2023-10-12 11:07:02',649,206),
(154,22,'Top 10 Tips for Beginners #154','Video description for: Top 10 Tips for Beginners #154','https://www.youtube.com/watch?v=ktvTqknDobU',959,'2024-09-12 08:56:41',3570,834),
(155,1,'A Day in My Life #155','Video description for: A Day in My Life #155','https://www.youtube.com/watch?v=QcIy9NiNbmo',1135,'2024-11-08 00:22:46',4746,634),
(156,58,'The Story Behind It All #156','Video description for: The Story Behind It All #156','https://www.youtube.com/watch?v=60ItHLz5WEA',178,'2023-11-03 11:17:27',591,188),
(157,2,'Don''t Make These Mistakes #157','Video description for: Don''t Make These Mistakes #157','https://www.youtube.com/watch?v=Zi_XLOBDo_Y',1459,'2025-04-06 13:47:40',4271,1180),
(158,54,'Best Moments Compilation #158','Video description for: Best Moments Compilation #158','https://www.youtube.com/watch?v=dQw4w9WgXcQ',895,'2024-09-22 06:47:16',3196,313),
(159,60,'Behind the Scenes #159','Video description for: Behind the Scenes #159','https://www.youtube.com/watch?v=fJ9rUzIMcZQ',1273,'2025-02-25 08:37:34',1756,826),
(160,9,'Quick Review and Reaction #160','Video description for: Quick Review and Reaction #160','https://www.youtube.com/watch?v=CevxZvSJLk8',828,'2024-08-14 13:35:02',4637,587),
(161,29,'Hidden Secrets Revealed #161','Video description for: Hidden Secrets Revealed #161','https://www.youtube.com/watch?v=e-ORhEE9VVg',540,'2023-10-02 14:49:13',4072,44),
(162,2,'Trying This for the First Time #162','Video description for: Trying This for the First Time #162','https://www.youtube.com/watch?v=9bZkp7q19f0',618,'2023-08-06 12:55:56',3632,1121),
(163,46,'My Honest Opinion #163','Video description for: My Honest Opinion #163','https://www.youtube.com/watch?v=ktvTqknDobU',617,'2023-12-12 03:04:22',1477,452),
(164,24,'Quick Review and Reaction #164','Video description for: Quick Review and Reaction #164','https://www.youtube.com/watch?v=dQw4w9WgXcQ',1462,'2025-04-09 23:45:03',2989,471),
(165,19,'My Honest Opinion #165','Video description for: My Honest Opinion #165','https://www.youtube.com/watch?v=60ItHLz5WEA',1786,'2024-08-10 14:13:38',2864,591),
(166,59,'Don''t Make These Mistakes #166','Video description for: Don''t Make These Mistakes #166','https://www.youtube.com/watch?v=Hy8kmNEo1i8',376,'2023-12-24 06:31:37',2793,807),
(167,50,'Things I Wish I Knew #167','Video description for: Things I Wish I Knew #167','https://www.youtube.com/watch?v=oRdxUFDoQe0',1603,'2023-07-07 08:38:02',3751,1542),
(168,48,'Quick Review and Reaction #168','Video description for: Quick Review and Reaction #168','https://www.youtube.com/watch?v=9bZkp7q19f0',609,'2025-03-03 09:22:48',2119,1009),
(169,51,'The Story Behind It All #169','Video description for: The Story Behind It All #169','https://www.youtube.com/watch?v=e-ORhEE9VVg',1075,'2023-04-27 00:41:09',637,129),
(170,21,'Trying This for the First Time #170','Video description for: Trying This for the First Time #170','https://www.youtube.com/watch?v=YQHsXMglC9A',1627,'2023-02-06 11:00:55',268,112),
(171,29,'Behind the Scenes #171','Video description for: Behind the Scenes #171','https://www.youtube.com/watch?v=Hy8kmNEo1i8',135,'2025-03-11 21:24:15',2063,994),
(172,47,'A Day in My Life #172','Video description for: A Day in My Life #172','https://www.youtube.com/watch?v=CevxZvSJLk8',742,'2023-05-16 13:09:24',1153,351),
(173,46,'Best Moments Compilation #173','Video description for: Best Moments Compilation #173','https://www.youtube.com/watch?v=nfWlot6h_JM',529,'2024-10-06 16:18:27',3343,107),
(174,23,'Trying This for the First Time #174','Video description for: Trying This for the First Time #174','https://www.youtube.com/watch?v=ktvTqknDobU',491,'2024-05-05 13:18:12',556,254),
(175,29,'Quick Review and Reaction #175','Video description for: Quick Review and Reaction #175','https://www.youtube.com/watch?v=PT2_F-1esPk',446,'2023-01-03 22:15:53',4111,825),
(176,48,'24 Hours Challenge #176','Video description for: 24 Hours Challenge #176','https://www.youtube.com/watch?v=ktvTqknDobU',381,'2023-04-25 07:09:37',3225,861),
(177,4,'What Nobody Tells You #177','Video description for: What Nobody Tells You #177','https://www.youtube.com/watch?v=YQHsXMglC9A',252,'2025-03-17 10:59:43',3888,1481),
(178,31,'24 Hours Challenge #178','Video description for: 24 Hours Challenge #178','https://www.youtube.com/watch?v=nfWlot6h_JM',622,'2023-07-03 10:38:47',3286,578),
(179,20,'A Day in My Life #179','Video description for: A Day in My Life #179','https://www.youtube.com/watch?v=60ItHLz5WEA',1559,'2023-06-06 10:46:36',3759,943),
(180,34,'Don''t Make These Mistakes #180','Video description for: Don''t Make These Mistakes #180','https://www.youtube.com/watch?v=OPf0YbXqDm0',1103,'2024-11-30 05:02:00',3277,158),
(181,5,'Everything You Need to Know #181','Video description for: Everything You Need to Know #181','https://www.youtube.com/watch?v=pRpeEdMmmQ0',1650,'2024-10-05 13:35:55',4608,1508),
(182,37,'What Nobody Tells You #182','Video description for: What Nobody Tells You #182','https://www.youtube.com/watch?v=DyDfgMOUjCI',1306,'2023-03-24 05:30:24',1721,12),
(183,38,'24 Hours Challenge #183','Video description for: 24 Hours Challenge #183','https://www.youtube.com/watch?v=KQ6zr6kCPj8',48,'2023-03-17 15:49:34',4124,46),
(184,16,'24 Hours Challenge #184','Video description for: 24 Hours Challenge #184','https://www.youtube.com/watch?v=uelHwf8o7_U',1099,'2023-04-10 17:10:41',368,80),
(185,49,'Why You Should Try This #185','Video description for: Why You Should Try This #185','https://www.youtube.com/watch?v=Hy8kmNEo1i8',1418,'2025-01-18 08:25:50',4418,1412),
(186,3,'24 Hours Challenge #186','Video description for: 24 Hours Challenge #186','https://www.youtube.com/watch?v=pRpeEdMmmQ0',781,'2023-11-01 01:59:01',1050,454),
(187,57,'Top 10 Tips for Beginners #187','Video description for: Top 10 Tips for Beginners #187','https://www.youtube.com/watch?v=PT2_F-1esPk',919,'2025-04-04 04:36:46',3733,1817),
(188,12,'A Day in My Life #188','Video description for: A Day in My Life #188','https://www.youtube.com/watch?v=kJQP7kiw5Fk',1671,'2023-02-01 07:16:24',3926,1323),
(189,14,'Everything You Need to Know #189','Video description for: Everything You Need to Know #189','https://www.youtube.com/watch?v=uelHwf8o7_U',764,'2024-12-16 14:34:23',2581,231),
(190,8,'Everything You Need to Know #190','Video description for: Everything You Need to Know #190','https://www.youtube.com/watch?v=Zi_XLOBDo_Y',1670,'2024-04-16 12:33:49',4597,1356),
(191,18,'Hidden Secrets Revealed #191','Video description for: Hidden Secrets Revealed #191','https://www.youtube.com/watch?v=hT_nvWreIhg',717,'2023-02-10 17:54:33',3053,16),
(192,60,'My Honest Opinion #192','Video description for: My Honest Opinion #192','https://www.youtube.com/watch?v=CevxZvSJLk8',1504,'2024-01-30 23:21:06',4384,721),
(193,21,'24 Hours Challenge #193','Video description for: 24 Hours Challenge #193','https://www.youtube.com/watch?v=LDU_Txk06tM',520,'2024-05-18 09:56:43',4566,71),
(194,9,'Behind the Scenes #194','Video description for: Behind the Scenes #194','https://www.youtube.com/watch?v=CevxZvSJLk8',496,'2024-10-14 02:13:59',390,156),
(195,8,'The Truth About This #195','Video description for: The Truth About This #195','https://www.youtube.com/watch?v=e-ORhEE9VVg',787,'2023-11-25 11:08:06',3774,865),
(196,1,'Don''t Make These Mistakes #196','Video description for: Don''t Make These Mistakes #196','https://www.youtube.com/watch?v=LDU_Txk06tM',834,'2023-05-30 15:55:52',316,88),
(197,52,'A Complete Walkthrough #197','Video description for: A Complete Walkthrough #197','https://www.youtube.com/watch?v=KQ6zr6kCPj8',1653,'2024-04-21 19:49:24',2690,1122),
(198,21,'Why You Should Try This #198','Video description for: Why You Should Try This #198','https://www.youtube.com/watch?v=RgKAFK5djSk',537,'2023-11-18 21:55:59',4370,479),
(199,14,'My Honest Opinion #199','Video description for: My Honest Opinion #199','https://www.youtube.com/watch?v=e-ORhEE9VVg',1414,'2024-05-19 20:16:42',2300,792),
(200,19,'How It Really Works #200','Video description for: How It Really Works #200','https://www.youtube.com/watch?v=QcIy9NiNbmo',242,'2024-07-12 15:52:17',2493,860),
(201,55,'The Truth About This #201','Video description for: The Truth About This #201','https://www.youtube.com/watch?v=kJQP7kiw5Fk',385,'2025-02-28 21:12:48',2704,213),
(202,39,'Don''t Make These Mistakes #202','Video description for: Don''t Make These Mistakes #202','https://www.youtube.com/watch?v=OPf0YbXqDm0',846,'2023-03-03 22:54:30',1107,33),
(203,55,'A Complete Walkthrough #203','Video description for: A Complete Walkthrough #203','https://www.youtube.com/watch?v=nfWlot6h_JM',1192,'2023-08-18 08:59:45',4707,1785),
(204,39,'Trying This for the First Time #204','Video description for: Trying This for the First Time #204','https://www.youtube.com/watch?v=RgKAFK5djSk',736,'2024-08-07 15:42:42',2121,746),
(205,9,'24 Hours Challenge #205','Video description for: 24 Hours Challenge #205','https://www.youtube.com/watch?v=fJ9rUzIMcZQ',461,'2024-10-10 05:43:35',2424,625),
(206,5,'Live Performance Highlights #206','Video description for: Live Performance Highlights #206','https://www.youtube.com/watch?v=OPf0YbXqDm0',1778,'2023-04-13 18:45:28',2147,217),
(207,56,'Trying This for the First Time #207','Video description for: Trying This for the First Time #207','https://www.youtube.com/watch?v=ktvTqknDobU',1395,'2024-01-05 04:52:55',4730,1518),
(208,49,'A Day in My Life #208','Video description for: A Day in My Life #208','https://www.youtube.com/watch?v=OPf0YbXqDm0',757,'2023-02-11 03:42:25',387,105),
(209,24,'Things I Wish I Knew #209','Video description for: Things I Wish I Knew #209','https://www.youtube.com/watch?v=uelHwf8o7_U',1300,'2025-01-29 16:37:55',1447,31),
(210,38,'The Story Behind It All #210','Video description for: The Story Behind It All #210','https://www.youtube.com/watch?v=oRdxUFDoQe0',1686,'2024-03-21 13:32:20',1284,62),
(211,7,'A Day in My Life #211','Video description for: A Day in My Life #211','https://www.youtube.com/watch?v=OPf0YbXqDm0',1376,'2023-01-05 10:43:05',3257,51),
(212,59,'Trying This for the First Time #212','Video description for: Trying This for the First Time #212','https://www.youtube.com/watch?v=YQHsXMglC9A',923,'2023-01-16 19:33:07',1217,274),
(213,56,'My Honest Opinion #213','Video description for: My Honest Opinion #213','https://www.youtube.com/watch?v=JGwWNGJdvx8',874,'2023-09-14 11:38:40',2624,464),
(214,18,'Live Performance Highlights #214','Video description for: Live Performance Highlights #214','https://www.youtube.com/watch?v=ktvTqknDobU',1406,'2023-03-18 10:14:56',3288,16),
(215,6,'Why You Should Try This #215','Video description for: Why You Should Try This #215','https://www.youtube.com/watch?v=dQw4w9WgXcQ',1615,'2023-07-08 08:45:47',606,92),
(216,53,'Hidden Secrets Revealed #216','Video description for: Hidden Secrets Revealed #216','https://www.youtube.com/watch?v=Hy8kmNEo1i8',1313,'2023-11-30 23:46:02',3828,403),
(217,16,'Live Performance Highlights #217','Video description for: Live Performance Highlights #217','https://www.youtube.com/watch?v=RgKAFK5djSk',149,'2025-02-16 10:16:42',444,40),
(218,37,'Everything You Need to Know #218','Video description for: Everything You Need to Know #218','https://www.youtube.com/watch?v=PT2_F-1esPk',749,'2024-01-07 00:59:44',3258,779),
(219,27,'Why You Should Try This #219','Video description for: Why You Should Try This #219','https://www.youtube.com/watch?v=QcIy9NiNbmo',874,'2025-04-08 07:15:10',459,12),
(220,29,'Best Moments Compilation #220','Video description for: Best Moments Compilation #220','https://www.youtube.com/watch?v=2vjPBrBU-TM',885,'2024-04-25 21:06:53',1729,623);

INSERT INTO subscriptions(subscriber_id,channel_id,subscribed_at) VALUES
(10,56,'2025-02-21 20:21:44'),
(29,6,'2023-07-09 18:52:35'),
(7,34,'2023-03-31 08:39:17'),
(58,30,'2024-07-22 13:39:46'),
(101,12,'2023-11-14 10:38:30'),
(50,24,'2024-10-14 13:05:12'),
(62,31,'2023-09-23 00:41:29'),
(41,9,'2024-04-11 15:06:09'),
(63,2,'2024-10-08 14:15:52'),
(16,4,'2023-05-05 18:34:38'),
(107,36,'2023-01-27 00:52:15'),
(11,42,'2023-02-04 01:07:17'),
(50,9,'2023-08-31 14:11:53'),
(90,11,'2023-03-31 22:36:53'),
(84,39,'2024-04-12 08:49:45'),
(5,13,'2024-02-08 19:22:17'),
(20,12,'2024-11-09 23:37:29'),
(28,38,'2023-12-11 10:23:10'),
(99,44,'2025-03-16 10:11:53'),
(92,50,'2025-04-05 07:19:05'),
(42,34,'2024-03-11 22:33:17'),
(6,26,'2023-07-05 01:54:59'),
(19,54,'2023-04-17 07:53:36'),
(62,56,'2023-04-01 17:44:40'),
(37,52,'2023-08-10 09:27:21'),
(83,31,'2024-03-17 13:52:18'),
(5,24,'2023-12-07 05:20:05'),
(53,15,'2023-09-23 15:06:26'),
(102,47,'2024-04-21 14:01:23'),
(88,15,'2023-07-24 06:39:56'),
(42,11,'2023-04-26 22:38:56'),
(82,42,'2023-12-26 05:16:55'),
(117,60,'2023-01-18 14:05:44'),
(3,33,'2023-05-07 23:56:40'),
(71,7,'2024-12-03 04:42:50'),
(85,13,'2024-12-21 06:33:30'),
(20,32,'2024-07-21 04:24:29'),
(79,34,'2025-05-02 00:43:51'),
(118,35,'2023-12-20 19:18:35'),
(19,49,'2023-09-12 18:04:55'),
(76,4,'2023-11-20 11:30:11'),
(21,29,'2023-08-19 16:59:39'),
(88,41,'2025-05-21 07:07:03'),
(52,18,'2025-01-10 11:32:56'),
(57,13,'2024-02-08 19:02:35'),
(91,21,'2023-03-10 04:59:19'),
(4,46,'2025-04-27 02:31:30'),
(50,17,'2023-09-15 21:45:59'),
(32,29,'2024-10-04 12:47:48'),
(24,8,'2024-09-24 11:13:54'),
(95,12,'2024-08-14 09:24:05'),
(51,12,'2025-05-10 03:34:11'),
(110,21,'2025-04-23 11:47:44'),
(29,21,'2024-08-05 09:10:23'),
(71,23,'2024-06-24 09:38:06'),
(10,32,'2023-01-06 22:03:49'),
(19,37,'2023-12-17 05:14:32'),
(116,29,'2023-12-12 14:44:52'),
(28,2,'2024-10-27 20:28:16'),
(76,14,'2023-02-08 23:32:04'),
(57,38,'2024-06-23 10:07:03'),
(119,1,'2023-07-21 08:48:27'),
(52,20,'2023-08-11 14:55:07'),
(9,2,'2024-09-19 15:52:03'),
(41,56,'2024-06-29 20:14:51'),
(6,50,'2023-11-22 20:13:22'),
(117,10,'2025-04-18 21:03:39'),
(16,3,'2024-02-27 08:57:44'),
(101,45,'2024-07-31 15:50:31'),
(77,10,'2023-11-06 16:22:15'),
(88,2,'2023-02-13 21:19:14'),
(63,59,'2024-08-28 05:28:29'),
(48,11,'2023-05-30 17:40:21'),
(73,57,'2024-09-02 10:04:54'),
(110,33,'2023-07-25 11:05:41'),
(107,2,'2023-07-17 00:38:32'),
(64,57,'2024-07-20 02:57:07'),
(36,37,'2023-06-05 19:35:41'),
(48,39,'2023-04-14 20:44:35'),
(46,18,'2025-01-24 12:49:20'),
(84,25,'2024-04-23 06:52:26'),
(16,32,'2023-02-13 04:04:12'),
(68,25,'2023-06-07 14:02:12'),
(41,33,'2024-10-14 23:26:47'),
(93,26,'2025-02-07 12:50:39'),
(37,4,'2023-05-27 09:38:13'),
(62,55,'2024-02-28 08:03:06'),
(70,23,'2023-10-10 18:13:34'),
(46,6,'2023-04-18 09:07:16'),
(111,34,'2023-10-11 05:49:27'),
(15,28,'2025-02-27 02:17:15'),
(8,55,'2023-01-02 00:11:33'),
(115,11,'2024-11-19 03:44:04'),
(105,46,'2024-10-25 13:54:46'),
(71,19,'2024-03-23 23:40:49'),
(105,50,'2024-09-17 03:12:23'),
(120,20,'2023-08-06 10:52:57'),
(68,42,'2023-05-17 03:42:31'),
(86,35,'2025-03-26 04:13:01'),
(119,51,'2023-08-04 13:05:41'),
(76,52,'2025-01-30 23:08:21'),
(110,14,'2023-06-06 12:39:05'),
(10,19,'2023-08-29 10:05:18'),
(47,17,'2023-08-03 11:00:02'),
(106,42,'2024-06-13 20:21:26'),
(26,30,'2024-01-22 00:59:22'),
(31,8,'2025-05-25 00:12:52'),
(1,21,'2024-09-12 16:50:24'),
(42,23,'2023-01-01 12:35:11'),
(62,48,'2025-04-16 07:30:11'),
(112,17,'2024-03-24 03:00:26'),
(117,35,'2024-02-11 10:23:25'),
(43,24,'2023-09-23 06:31:14'),
(14,34,'2024-12-22 21:07:58'),
(94,1,'2024-05-21 18:12:41'),
(25,11,'2024-07-29 20:45:18'),
(108,58,'2024-10-04 05:32:12'),
(11,45,'2023-03-03 00:03:36'),
(110,59,'2024-02-22 22:20:51'),
(73,31,'2023-03-07 02:40:49'),
(33,54,'2023-05-13 15:49:50'),
(111,58,'2025-01-28 03:22:59'),
(104,16,'2024-01-22 01:38:09'),
(60,60,'2025-03-15 10:28:39'),
(30,40,'2024-02-04 23:24:15'),
(112,10,'2025-02-03 08:51:12'),
(83,28,'2023-05-07 12:57:43'),
(44,26,'2025-02-11 18:05:00'),
(26,60,'2023-05-26 19:17:21'),
(26,11,'2024-11-05 03:09:35'),
(4,34,'2025-03-19 16:34:10'),
(74,7,'2023-12-06 21:27:45'),
(34,22,'2023-08-02 11:52:08'),
(52,7,'2023-04-08 20:04:25'),
(90,12,'2023-04-14 16:31:33'),
(23,29,'2024-01-02 06:21:15'),
(34,48,'2025-01-14 01:52:13'),
(24,54,'2023-04-23 02:17:48'),
(66,32,'2023-01-13 09:44:24'),
(78,38,'2023-06-26 09:54:52'),
(45,17,'2025-03-01 14:37:22'),
(93,29,'2025-04-03 22:09:52'),
(30,4,'2024-12-30 16:37:58'),
(103,14,'2023-01-14 17:01:14'),
(119,17,'2023-11-02 01:58:06'),
(74,23,'2023-07-10 19:34:20'),
(17,7,'2024-06-06 23:07:51'),
(73,48,'2024-04-28 21:10:11'),
(3,41,'2024-03-24 21:41:24'),
(103,33,'2024-06-07 13:22:04');

INSERT INTO comments(comment_id,video_id,user_id,parent_comment_id,body,posted_at) VALUES
(1,172,104,NULL,'Underrated channel.','2024-05-09 01:33:03'),
(2,3,47,NULL,'First!','2024-12-26 03:09:40'),
(3,118,115,NULL,'Hilarious 😂','2024-06-15 17:03:57'),
(4,132,26,NULL,'Great video!','2024-07-27 12:26:17'),
(5,148,54,NULL,'Can you do a part 2?','2024-08-10 12:49:27'),
(6,81,68,NULL,'Hilarious 😂','2024-06-24 10:37:35'),
(7,16,105,NULL,'Subscribed.','2024-02-01 16:45:35'),
(8,10,60,NULL,'Where did you film this?','2024-09-28 22:43:01'),
(9,51,85,NULL,'Subscribed.','2025-03-02 21:37:41'),
(10,108,69,NULL,'Can you do a part 2?','2024-03-27 22:33:03'),
(11,156,116,NULL,'Where did you film this?','2024-05-26 02:56:35'),
(12,47,71,NULL,'This made my day.','2025-02-13 10:07:20'),
(13,67,53,NULL,'This made my day.','2025-04-29 07:48:40'),
(14,74,18,NULL,'First!','2024-02-07 13:55:23'),
(15,65,76,NULL,'Underrated channel.','2025-02-08 18:40:25'),
(16,49,23,NULL,'Subscribed.','2024-09-04 22:26:34'),
(17,177,117,NULL,'Subscribed.','2024-07-25 04:55:02'),
(18,37,113,NULL,'Subscribed.','2025-05-30 14:20:58'),
(19,44,114,NULL,'This made my day.','2025-03-23 15:33:42'),
(20,98,80,NULL,'Can you do a part 2?','2024-09-02 13:37:46'),
(21,70,82,NULL,'Can you do a part 2?','2024-08-21 19:45:56'),
(22,65,97,NULL,'Really informative.','2025-01-09 05:46:27'),
(23,84,79,NULL,'First!','2024-01-02 16:40:34'),
(24,147,52,NULL,'Loved this.','2024-08-09 02:26:14'),
(25,143,96,NULL,'This made my day.','2024-11-10 06:43:27'),
(26,8,96,NULL,'Loved this.','2024-07-30 04:32:22'),
(27,172,95,NULL,'Where did you film this?','2024-05-13 14:07:16'),
(28,193,41,NULL,'Subscribed.','2024-12-13 05:33:59'),
(29,1,24,NULL,'Loved this.','2024-09-01 14:01:21'),
(30,71,6,NULL,'Really informative.','2024-11-04 14:55:27'),
(31,101,71,NULL,'Really informative.','2025-03-03 00:38:23'),
(32,3,66,NULL,'Loved this.','2025-02-19 16:35:14'),
(33,146,1,NULL,'Loved this.','2024-10-09 11:59:48'),
(34,211,24,NULL,'First!','2025-04-21 13:10:33'),
(35,71,64,NULL,'First!','2024-06-03 13:26:03'),
(36,96,9,NULL,'Really informative.','2025-01-16 06:28:14'),
(37,35,56,NULL,'Hilarious 😂','2025-03-26 02:31:43'),
(38,188,5,NULL,'Great video!','2024-05-08 18:26:23'),
(39,190,92,NULL,'This made my day.','2024-03-27 10:08:05'),
(40,66,119,NULL,'Subscribed.','2024-06-08 21:34:05'),
(41,121,97,NULL,'Where did you film this?','2024-06-28 09:15:48'),
(42,33,5,NULL,'Great video!','2025-01-26 15:19:31'),
(43,169,83,NULL,'This made my day.','2024-10-10 02:36:19'),
(44,49,94,NULL,'This made my day.','2024-01-03 13:03:38'),
(45,70,11,NULL,'This made my day.','2024-12-11 15:00:27'),
(46,94,45,NULL,'Can you do a part 2?','2024-09-14 21:13:28'),
(47,103,77,NULL,'Great video!','2024-03-03 18:26:36'),
(48,176,38,NULL,'Underrated channel.','2024-07-30 16:12:56'),
(49,213,5,NULL,'Can you do a part 2?','2024-11-03 20:18:12'),
(50,20,74,NULL,'First!','2024-03-31 16:48:24'),
(51,57,75,NULL,'This made my day.','2025-01-17 01:38:48'),
(52,121,81,NULL,'First!','2024-08-30 05:48:27'),
(53,101,91,NULL,'This made my day.','2024-07-31 02:28:52'),
(54,46,107,NULL,'Great video!','2024-04-11 09:58:15'),
(55,190,86,NULL,'Loved this.','2024-01-07 05:02:48'),
(56,198,33,NULL,'Great video!','2024-03-18 01:02:24'),
(57,6,8,NULL,'Underrated channel.','2024-08-23 22:00:16'),
(58,170,84,NULL,'Can you do a part 2?','2024-05-06 12:58:54'),
(59,142,49,NULL,'Hilarious 😂','2024-06-17 10:12:06'),
(60,6,104,NULL,'Can you do a part 2?','2024-12-07 04:31:51'),
(61,144,60,NULL,'Subscribed.','2025-04-20 00:08:37'),
(62,132,63,NULL,'Loved this.','2025-02-24 09:24:54'),
(63,42,108,NULL,'Subscribed.','2024-03-01 16:31:52'),
(64,213,13,NULL,'Subscribed.','2024-08-09 06:29:21'),
(65,175,64,NULL,'Subscribed.','2025-03-17 08:40:14'),
(66,216,55,NULL,'Subscribed.','2025-05-05 23:14:45'),
(67,171,83,NULL,'Can you do a part 2?','2025-05-09 14:01:21'),
(68,181,101,NULL,'This made my day.','2024-12-31 13:07:12'),
(69,18,14,NULL,'Subscribed.','2024-07-04 17:19:04'),
(70,160,77,NULL,'Hilarious 😂','2024-08-10 15:41:33'),
(71,107,45,NULL,'Really informative.','2024-04-01 19:09:28'),
(72,75,8,NULL,'Underrated channel.','2024-11-15 08:22:57'),
(73,40,38,NULL,'Underrated channel.','2024-08-21 09:28:59'),
(74,93,117,NULL,'Where did you film this?','2024-03-18 04:50:18'),
(75,193,6,NULL,'Can you do a part 2?','2025-03-14 10:20:43'),
(76,191,52,NULL,'Where did you film this?','2025-04-10 07:59:22'),
(77,105,23,NULL,'First!','2024-07-21 08:43:14'),
(78,28,105,NULL,'Where did you film this?','2025-02-22 18:08:43'),
(79,6,120,NULL,'This made my day.','2025-02-27 08:56:11'),
(80,200,94,NULL,'First!','2024-08-13 02:01:11'),
(81,193,44,NULL,'Hilarious 😂','2024-11-18 09:59:22'),
(82,118,111,NULL,'Really informative.','2024-05-08 10:50:52'),
(83,15,110,NULL,'Hilarious 😂','2024-10-03 11:54:11'),
(84,46,4,NULL,'Subscribed.','2024-06-14 05:17:01'),
(85,1,7,NULL,'Underrated channel.','2025-02-20 00:50:15'),
(86,150,49,NULL,'Can you do a part 2?','2024-02-23 02:09:22'),
(87,24,40,NULL,'Where did you film this?','2024-09-26 13:51:55'),
(88,42,107,NULL,'Really informative.','2024-01-23 12:12:22'),
(89,90,80,NULL,'Really informative.','2025-03-11 02:25:22'),
(90,88,103,NULL,'Underrated channel.','2025-03-08 22:51:55'),
(91,142,107,NULL,'Hilarious 😂','2024-07-22 19:47:07'),
(92,213,111,NULL,'This made my day.','2025-01-01 20:46:46'),
(93,135,57,NULL,'Great video!','2024-10-27 03:06:00'),
(94,158,81,NULL,'Can you do a part 2?','2024-09-02 19:05:05'),
(95,217,6,NULL,'Underrated channel.','2024-01-14 02:44:22'),
(96,27,27,NULL,'Loved this.','2025-03-02 13:40:03'),
(97,60,27,NULL,'Where did you film this?','2024-12-27 18:21:36'),
(98,2,37,NULL,'Subscribed.','2024-11-16 19:04:19'),
(99,38,17,NULL,'This made my day.','2024-07-24 11:16:53'),
(100,159,47,NULL,'Subscribed.','2025-05-23 05:59:45'),
(101,195,50,NULL,'Underrated channel.','2025-03-22 09:16:02'),
(102,159,9,NULL,'Great video!','2024-09-26 11:17:29'),
(103,11,80,NULL,'Hilarious 😂','2025-01-07 03:32:47'),
(104,179,60,NULL,'Hilarious 😂','2024-08-07 15:37:41'),
(105,214,112,NULL,'Can you do a part 2?','2024-05-29 06:48:02'),
(106,198,44,NULL,'This made my day.','2024-01-24 12:44:22'),
(107,125,12,NULL,'Subscribed.','2024-10-24 03:48:50'),
(108,160,73,NULL,'Great video!','2024-01-18 11:36:04'),
(109,53,111,NULL,'Where did you film this?','2024-10-05 07:36:02'),
(110,117,92,NULL,'Underrated channel.','2024-07-17 03:01:15'),
(111,189,84,NULL,'Subscribed.','2024-10-12 22:25:38'),
(112,25,72,NULL,'Hilarious 😂','2025-05-31 20:14:07'),
(113,130,107,NULL,'This made my day.','2024-04-10 13:56:37'),
(114,57,114,NULL,'First!','2024-06-04 02:24:03'),
(115,162,10,NULL,'Subscribed.','2024-07-21 03:56:55'),
(116,126,46,NULL,'Great video!','2025-01-05 14:27:15'),
(117,214,119,NULL,'Underrated channel.','2024-02-07 19:58:11'),
(118,124,94,NULL,'Where did you film this?','2024-10-03 15:37:21'),
(119,172,45,NULL,'Really informative.','2024-01-28 00:49:35'),
(120,167,119,NULL,'Great video!','2024-07-21 12:05:58'),
(121,24,34,NULL,'Hilarious 😂','2024-11-27 23:44:53'),
(122,1,39,NULL,'Where did you film this?','2024-03-02 11:24:59'),
(123,97,16,NULL,'Loved this.','2024-06-28 12:33:45'),
(124,92,27,NULL,'Hilarious 😂','2025-02-07 11:37:29'),
(125,117,15,NULL,'Hilarious 😂','2024-12-10 23:39:01'),
(126,140,14,NULL,'Subscribed.','2025-03-31 10:14:37'),
(127,44,72,NULL,'Underrated channel.','2024-08-09 05:46:17'),
(128,45,6,NULL,'First!','2025-04-28 12:47:07'),
(129,134,22,NULL,'Where did you film this?','2025-01-26 19:39:40'),
(130,15,64,NULL,'Really informative.','2024-09-19 00:32:58'),
(131,56,116,NULL,'Loved this.','2024-06-13 01:05:40'),
(132,18,61,NULL,'Loved this.','2024-06-10 08:45:12'),
(133,29,103,NULL,'Underrated channel.','2025-03-16 17:33:00'),
(134,62,1,NULL,'Great video!','2024-06-03 17:56:48'),
(135,187,81,NULL,'Subscribed.','2024-01-06 12:41:51'),
(136,67,35,NULL,'Where did you film this?','2025-04-07 03:18:59'),
(137,159,34,NULL,'Hilarious 😂','2025-05-17 19:11:58'),
(138,55,54,NULL,'Subscribed.','2024-11-06 23:44:10'),
(139,139,39,NULL,'Underrated channel.','2024-09-03 14:43:17'),
(140,141,92,NULL,'Where did you film this?','2024-04-06 10:47:55'),
(141,55,33,NULL,'Hilarious 😂','2025-04-08 06:04:34'),
(142,42,101,NULL,'Can you do a part 2?','2025-03-07 19:45:33'),
(143,160,10,NULL,'Loved this.','2024-07-08 02:01:44'),
(144,218,19,NULL,'Hilarious 😂','2024-07-16 16:57:22'),
(145,92,38,NULL,'First!','2024-01-06 22:51:27'),
(146,69,107,NULL,'Where did you film this?','2025-02-10 23:59:08'),
(147,54,35,NULL,'Where did you film this?','2024-01-25 18:39:45'),
(148,188,74,NULL,'Loved this.','2024-12-19 07:05:20'),
(149,109,18,NULL,'Subscribed.','2024-02-16 20:06:38'),
(150,122,25,NULL,'Underrated channel.','2024-06-05 20:42:12'),
(151,142,25,NULL,'Hilarious 😂','2024-07-09 19:50:17'),
(152,98,6,NULL,'Subscribed.','2024-10-01 13:45:57'),
(153,135,91,NULL,'Can you do a part 2?','2024-06-26 22:50:30'),
(154,173,45,NULL,'Great video!','2024-12-31 19:36:54'),
(155,52,69,NULL,'Loved this.','2024-12-08 17:49:07'),
(156,129,23,NULL,'This made my day.','2024-12-22 02:25:41'),
(157,128,52,NULL,'Where did you film this?','2025-01-14 09:29:24'),
(158,196,76,NULL,'Really informative.','2024-01-22 03:21:40'),
(159,54,36,NULL,'This made my day.','2024-12-31 03:47:14'),
(160,24,103,NULL,'Underrated channel.','2024-01-17 12:42:07'),
(161,128,35,157,'Reply: Where did you film this?','2025-04-29 01:54:14'),
(162,92,119,124,'Reply: Can you do a part 2?','2024-08-30 01:44:24'),
(163,15,45,83,'Reply: Great video!','2024-03-05 13:22:22'),
(164,198,49,106,'Reply: Hilarious 😂','2024-04-30 16:11:57'),
(165,169,2,43,'Reply: Can you do a part 2?','2024-11-22 09:35:29'),
(166,98,71,152,'Reply: Can you do a part 2?','2025-02-27 04:14:36'),
(167,44,81,19,'Reply: Really informative.','2024-08-28 20:50:21'),
(168,51,76,9,'Reply: Loved this.','2024-08-11 11:30:27'),
(169,54,87,147,'Reply: Underrated channel.','2025-02-15 12:27:55'),
(170,92,113,124,'Reply: Where did you film this?','2025-05-22 00:37:25'),
(171,107,104,71,'Reply: Really informative.','2024-04-05 20:55:41'),
(172,16,12,7,'Reply: Underrated channel.','2024-06-17 06:55:07'),
(173,121,36,52,'Reply: Loved this.','2024-07-05 02:20:01'),
(174,11,18,103,'Reply: Can you do a part 2?','2025-02-10 04:29:10'),
(175,126,31,116,'Reply: Hilarious 😂','2024-02-15 06:48:30'),
(176,144,99,61,'Reply: Subscribed.','2024-06-02 23:25:26'),
(177,129,70,156,'Reply: Hilarious 😂','2024-11-20 02:34:29'),
(178,148,61,5,'Reply: Underrated channel.','2025-03-18 20:44:21'),
(179,132,7,62,'Reply: Underrated channel.','2024-07-01 10:04:32'),
(180,97,21,123,'Reply: This made my day.','2024-11-14 21:37:27'),
(181,189,85,111,'Reply: Where did you film this?','2025-01-17 10:36:03'),
(182,1,16,122,'Reply: Subscribed.','2024-10-26 01:56:23'),
(183,146,29,33,'Reply: Subscribed.','2025-05-19 10:40:07'),
(184,20,53,50,'Reply: Really informative.','2025-02-20 04:46:25'),
(185,37,101,18,'Reply: Really informative.','2024-05-30 07:24:11'),
(186,96,65,36,'Reply: Can you do a part 2?','2024-09-03 12:45:10'),
(187,213,27,92,'Reply: Really informative.','2024-12-19 00:27:15'),
(188,188,8,148,'Reply: Subscribed.','2025-03-25 15:36:06'),
(189,170,6,58,'Reply: Where did you film this?','2025-05-28 12:00:12'),
(190,98,104,20,'Reply: Underrated channel.','2025-03-03 17:04:17');

SET FOREIGN_KEY_CHECKS=1;
